ts,ear,iris,yaw,pitch,roll,status,confidence
1784025336.8674276,0.4947422384986825,1.3846752471874928,-6.008491038224078,-76.92839717260678,166.60850295685503,Focused,0.9586793275804361
1784074801.701049,0.8379593866161288,2.1093706905898753,134.28627051848127,86.92009125947952,-41.76577112036038,Focused,0.9999861184847354
1784074990.8624325,0.48463383014617856,1.6257713908795088,-2.0231266756339523,-71.60409949364029,170.24091394880855,Focused,0.7627490297375974
1784074991.1050541,0.4797272635154536,1.6188349436997302,0.33282860057394426,1.5359338541038596,-4.520535005482714,Focused,0.6886959805016362
1784074991.3273485,0.37796488211481455,1.5960694238666384,0.5888237260893088,-22.142386019628542,52.70941868152109,Not Focused,0.6144230898790801
1784074991.5089352,0.41067828496532444,1.6032258310355831,0.9286441835237933,2.0071090507220184,-5.391372137216379,Not Focused,0.5633063021731023
1784074991.7142587,0.4383521058238344,1.6100864574221307,0.6556968660230644,-12.791035003778623,29.84615449490847,Focused,0.596552756647249
1784074991.918043,0.4558466009879953,1.6137282917325158,0.3671945784015079,-22.726080509097557,53.56927048385878,Focused,0.7030379790694662
1784074992.1030538,0.46962182051295337,1.6125439211086356,0.040797194824509574,-29.890043212631184,70.73220240941042,Focused,0.7761903820700229
1784074992.3175712,0.4768402415858991,1.6104508302687346,-0.21702321800293306,-35.301431269657215,83.67316249966547,Focused,0.798850353988112
1784074992.5179956,0.4813857771238907,1.6106372701780944,-0.44285809453658376,-39.533548270261505,93.76919039950262,Focused,0.8053092299683986
1784074992.7176208,0.4875453540137119,1.6096601104497428,-0.9403924291442454,-42.91470948744656,102.16484802798446,Focused,0.8156740388941642
1784074992.905385,0.4905962621112921,1.607925389652295,-1.5152443535231919,-43.143340603860025,67.27601422584837,Focused,0.8302131379408926
1784074993.1111932,0.49464200300199196,1.6077239056823085,-2.9549032546625704,-43.55783885474108,102.67971307125921,Focused,0.8334359716078392
1784074993.314283,0.5302138692593683,1.6152849676963679,-4.3581327963941145,-29.59209770197966,103.34702606103656,Focused,0.8750631606742825
1784074993.5032501,0.5316933901454783,1.6111343005877852,-5.8937832746125345,-44.57005302068519,104.01271060711038,Focused,0.8800576546517066
1784074993.7012713,0.5333637284617784,1.6131465882012623,-7.57785042614689,-30.34877994204651,103.94058979612296,Focused,0.8579633362307042
1784074993.9158165,0.5271226730384886,1.6073019282162133,-9.056406499116678,-16.13590282896869,103.8053761242647,Focused,0.866482730612842
1784074994.1021283,0.5304400085448611,1.6243169933098192,-11.703667132254205,-17.153926806950736,70.24808183374279,Focused,0.877671212175264
1784074994.31075,0.545330153557056,1.6441423025153825,-15.209954845807948,-18.314197757918222,37.5809219832998,Focused,0.9645126961541262
1784074994.5182228,0.5625374836015249,1.6662104615626017,-19.35373770521794,-19.52766038835651,5.554114514344886,Focused,0.9761140521798891
1784074994.7081234,0.5808661076151773,1.689209305833661,-22.80762417330497,-20.73734847491363,-27.13720097243126,Focused,0.976533384131222
1784074994.9114492,0.6058410438227664,1.7237631237117927,-26.593644098596002,-21.979378451417773,-23.435990139572773,Focused,0.9422190881482674
1784074995.097943,0.6286684580710076,1.7604312440291636,-29.60766428640751,-37.650451952818756,-55.30996948411481,Focused,0.9505741019176862
1784074995.3175545,0.6457923159118619,1.7973801091861321,-33.12622994498322,-53.33793826487916,-86.43649293639521,Focused,0.9608054493612066
1784074995.5156348,0.6664489968581282,1.8383023519986086,-36.36910041810843,-54.467173886263666,-83.0214886596868,Focused,0.9608230627798043
1784074995.7155256,0.677821675912383,1.8545642349400542,-38.96773145114755,-70.1061549356053,-114.31564336979196,Focused,0.9894550791729256
1784074995.8977594,0.6975117587575735,1.88077330160318,-41.89753351735246,-85.72057633308194,-145.4868343544975,Focused,0.9916963048081285
1784074996.1093776,0.7041063006735194,1.8838455698281424,-43.334098810557705,-86.02858962933688,-143.60809710841104,Focused,0.991199512120006
1784074996.3172705,0.6879885191940945,1.895787368274237,-43.958776437089796,-86.19380994778071,-142.61987453446142,Focused,0.9762412340295136
1784074996.4998102,0.7057072205289394,1.917238805414873,-44.721753963200236,-86.26560770436276,-141.53270361686367,Focused,0.9707020807256939
1784074996.7172394,0.7157730527017633,1.933595259346846,-45.855940179831016,-86.20264768182588,-140.37441926545657,Focused,0.9727778982634246
1784074997.4101522,0.6658688575380982,1.8940638732029291,-41.46513677175418,-71.17447998455889,-142.28482668654388,Focused,0.971525094805967
1784074997.6032367,0.6018575862236503,1.839339483649353,-36.95653076186458,-56.34230226172508,-143.9042986659777,Focused,0.8861816574709462
1784074997.8172128,0.5811543390506244,1.7876238895524523,-30.855625617554892,-55.42574357465325,-112.59280993779404,Focused,0.904884083797902
1784074998.0008032,0.5501632486637826,1.7334527809526499,-25.92342551747983,-40.53655296318876,-114.79065979433008,Focused,0.8855724157156883
1784074998.2173886,0.5208487353350162,1.6926243180998906,-20.567583177162913,-39.43576059549214,-82.6545495580813,Focused,0.8760529642387582
1784074998.420816,0.49769550006709345,1.6538318163669554,-14.771071751542163,-38.306520476466126,-51.028613228714434,Focused,0.8786151067693692
1784074998.6121,0.47960043939917857,1.6164877971207852,-9.280515956733637,-37.142753474795114,-19.135535098229646,Focused,0.8825016161278222
1784074998.8121126,0.4701707552480984,1.5687661940063502,-3.5522792841504227,-36.01534709880839,12.447354756182742,Focused,0.899534360055371
1784074999.018378,0.41898731813546275,1.5047098479319647,2.4842335080618554,-34.70145299552975,43.62658238525792,Focused,0.8530647095052455
1784074999.215442,0.3484001230471795,1.4352520242459226,8.925083092515289,-33.6758085572571,74.70022303725432,Focused,0.7761011718984454
1784074999.402367,0.33630899902856876,1.4153997611661395,9.813775891121255,-33.81898858436237,74.61622843256872,Focused,0.7438013022665695
1784074999.6069212,0.35155226951858437,1.4071573129828405,13.737274754844531,-39.52083709987885,74.70329812978925,Focused,0.806587855327997
1784074999.8080735,0.32604866018098816,1.3971969632504235,14.688525780431467,-38.976062923505495,73.38716696299966,Focused,0.7252697554371375
1784075000.0118263,0.3112336959570043,1.3846804361910094,16.403562622168966,-52.41940961888715,105.74292821607153,Focused,0.755621352230821
1784075000.4157662,0.2901907050576964,1.3865570181839835,16.605706798310916,-37.59189022976675,105.5075695527702,Not Focused,0.6253470321676495
1784075000.5976582,0.262142369349616,1.375586889081692,16.319871199417182,-23.09873511359032,70.62350298418764,Not Focused,0.6773840655190612
1784075000.8088439,0.23890743779757825,1.3656532409495343,15.83203859030959,-8.866685477144067,35.912502514104276,Not Focused,0.7207872189485756
1784075001.0186079,0.2137929911228927,1.3579708558838017,15.235334965188708,5.52706728393435,1.3176802598435813,Not Focused,0.7966536318060449
1784075001.2163718,0.19938697615234915,1.3505368957802073,15.206492438600696,19.625306139159957,-33.80016306706137,Not Focused,0.8743150999577517
1784075001.4080608,0.2096367267580832,1.352943738236708,14.670382830087968,33.82816771493964,-68.4396359693446,Not Focused,0.8519327566705817
1784075001.6080039,0.2101095233931428,1.3460594569132431,14.46418904802465,34.235940806136945,-69.48732184069263,Not Focused,0.8331849106692727
1784075001.810519,0.2230287645652119,1.357290798169723,10.588927428854152,40.329462748981754,-70.46105563613834,Not Focused,0.830388360697413
1784075002.0101197,0.24445622594244726,1.3729389320511838,9.312591098534607,41.520768302617036,-69.4455613153691,Not Focused,0.7685537857759321
1784075002.2156131,0.2635805840231925,1.3926133461847097,9.170395830916194,41.5802706991724,-69.44379728045861,Not Focused,0.79519554700612
1784075002.425288,0.3000511897632641,1.394943087253531,9.626575049433821,27.152027387464607,-70.80617211450522,Not Focused,0.6221445860137962
1784075002.6114504,0.3340018035270255,1.4118910463091194,10.45656911966533,13.02869102402143,-37.29364643011043,Focused,0.5053576574248972
1784075002.8076952,0.35909698264366857,1.4271602263317302,10.941120351350582,12.686180734017022,-36.70524022687273,Focused,0.6131536134716458
1784075003.012818,0.3845244471412354,1.4374925852051923,11.502532571034463,12.315440168843256,-35.88379608544055,Focused,0.7112898438625196
1784075003.2185574,0.4083157736339908,1.4502593928583083,12.709693914965685,-1.623399798201764,-2.509691934742881,Focused,0.7927477945604338
1784075003.408823,0.43183636711523465,1.4618022976225407,13.947660504185905,-15.48400256822623,30.82883461455283,Focused,0.8561942276681995
1784075003.6051066,0.46055073297702964,1.478943638498384,14.642986105671358,-15.660087117541668,31.49552525024801,Focused,0.9030464415717531
1784075003.8089302,0.4692199451687736,1.477195237362761,15.35529888880001,-15.863988365305806,31.74652907088413,Focused,0.9158229181545373
1784075004.006606,0.47176332342445104,1.4697976783028923,16.28755591698063,-3.978964834041603,-1.6862363207749922,Focused,0.9177316470600904
1784075004.2026505,0.4758904893342016,1.4643327586363526,15.35116751621745,9.531766538504906,-34.674158308073324,Focused,0.9120351290101796
1784075004.4013345,0.4386944621258532,1.4583837240305955,14.76944756270646,23.015523634515542,-67.50445278037739,Focused,0.8764352826691539
1784075004.5990849,0.4379742251579562,1.4634469882230103,13.519963808812296,36.41096335076047,-100.48877583832518,Focused,0.8919547412318523
1784075005.0004525,0.442970737003096,1.4778177748579675,11.701860729498483,36.516529437119345,-101.2990662508186,Focused,0.9251151970506709
1784075005.2086313,0.4505412210675388,1.4963290581229907,9.766467777920937,36.83194047317215,-102.35543658634033,Focused,0.9519324065977537
1784075005.4023306,0.4645526340054422,1.5260876853025738,6.990103486273152,51.04681805327853,-135.89888972418916,Focused,0.9469724128582436
1784075005.632996,0.47290399909588243,1.5488700253753862,4.310996647510044,65.43673414628998,-169.77392512331326,Focused,0.9480912616993267
1784075005.933185,0.4788848206665638,1.57283546205876,2.526702990576136,66.10777513464008,-170.955674089758,Focused,0.9332268942600066
1784075006.2136343,0.4826386726268955,1.6014690696869198,1.042300534051254,66.65862478977787,-171.88177003018458,Focused,0.9373997041330085
1784075006.4061863,0.489725596240348,1.6323025775591276,-1.171827419457529,67.67392573015202,-173.14006532434263,Focused,0.9392487068259384
1784075006.6177788,0.49792697229551186,1.6612384652131649,-2.6200304261307137,68.12215936841143,-173.87820375082444,Focused,0.9246933063639026
1784075006.8175669,0.5324764445116934,1.6943482832491816,-4.069625256039677,68.54243133341154,-174.65027700308215,Focused,0.955187399600472
1784075007.051604,0.5342577636785516,1.709469581324909,-4.982621262496394,69.11363518735425,-175.24274941121016,Focused,0.9547545881245216
1784075007.459952,0.5388523133723775,1.7171850635097612,-4.742774819761631,69.40835759429754,-175.29217435540482,Focused,0.9639749068235931
1784075007.7774675,0.5492305611661541,1.7202084329062135,-4.557584608323177,69.41213924748622,-175.21613592480284,Focused,0.9714455681716369
1784075008.0100362,0.553131787511971,1.7156245619071484,-4.248954336173588,69.17731654796316,-175.05411628325186,Focused,0.9737955383653601
1784075008.3075247,0.560473271144078,1.718542873101049,-3.8995073234738795,68.70942324427037,-174.58520065960766,Focused,0.9749518743156042
1784075008.518181,0.5266346584717401,1.7159300340758326,-3.6410132929538124,68.28195835295408,-174.0772435426305,Focused,0.9243085504509496
1784075008.7112682,0.5319046729816678,1.7143960638506683,-3.500198562244274,68.13169435627185,-173.7927174965236,Focused,0.9564960139352758
1784075008.923317,0.5389359447792857,1.7141715825622434,-3.5458499341143495,68.04797561040725,-173.7051274462238,Focused,0.9402222455027622
1784075009.1077285,0.5405225294274205,1.7151496253828378,-3.411062672520427,68.03535426253356,-173.5798575456999,Focused,0.9396732750846558
1784075009.3212988,0.5521588869920989,1.7221549673777468,-3.4555226869772113,68.01087021148315,-173.5227508571504,Focused,0.9349106408179791
1784075009.518144,0.5614519453574319,1.7240773424038924,-3.4015809253350113,67.98395505332745,-173.4430174876896,Focused,0.9714212486629801
1784075009.7105742,0.5645109327761102,1.728697223003088,-3.4449694122505243,67.88421540844129,-173.41563465136485,Focused,0.9702259403031153
1784075009.922425,0.5637197121865969,1.731602967090821,-3.3523925004146355,67.80540573203146,-173.25630780889128,Focused,0.9726893541396856
1784075010.1086917,0.5601880995562076,1.731982183986314,-3.245574088532578,67.77285605178346,-173.08787237369694,Focused,0.9708353199538468
1784075010.3241463,0.559235063795654,1.7315727636988538,-3.23250751449293,67.71631096397071,-172.99873250478555,Focused,0.9737622560058933
1784075010.510916,0.6023468863719328,1.732611099976074,-3.1928075573184294,67.77379470048665,-173.0969522312505,Focused,0.9852790063902618
1784075010.7191324,0.6064385710594212,1.7324652946682697,-3.2185472420504033,67.77225690642683,-173.1600239354878,Focused,0.9871662869781177
1784075010.9141977,0.6058045096185868,1.7258549793457856,-3.160693203429333,67.75981715859272,-173.16783993824117,Focused,0.987226083145164
1784075011.1205628,0.5527139206092784,1.7132803586426995,-3.1253503963072413,67.62992886186984,-173.02055417106402,Focused,0.9364020932328365
1784075011.3176882,0.4946959363840941,1.6791687854260697,-2.6854537105993885,67.70906489267895,-172.76516482459562,Focused,0.7789769421947889
1784075011.5144064,0.4495290884569899,1.6532833956508033,-0.829368540822576,66.85470672874098,-172.26809177217615,Not Focused,0.5063026646979925
1784075011.712498,0.40862819256219873,1.6279869647184249,-2.796216764096619,62.67513082062722,-170.75942618935565,Not Focused,0.7073047797103982
1784075011.9132245,0.36743282140920874,1.6052406387759475,2.3407671490759823,55.300443062962486,-168.9652442066222,Not Focused,0.759677779779593
1784075012.1127477,0.33833888597643885,1.5863599982122463,3.2247723192452056,56.21025083570341,-168.87091997731292,Not Focused,0.8218278204520666
1784075012.3082607,0.31724922418594187,1.5730561837913093,3.476494980593293,42.711701064446416,-134.18584637004105,Not Focused,0.8645475509837537
1784075012.5126925,0.2995817115983907,1.5603369326511947,3.656603042177656,29.164471057685766,-99.48125299631592,Not Focused,0.8808037175547134
1784075012.719358,0.28650754351157554,1.5456016099346657,3.8437255941469237,15.586069645865816,-64.70434240806216,Not Focused,0.8955614832515968
1784075012.9111836,0.27782370228691,1.5341485507399066,4.020478010521929,2.01135186128365,-29.882196586240525,Not Focused,0.8966437036489259
1784075013.1032853,0.32299084579722376,1.5286479052790523,4.455750154629962,3.1483739871205842,-30.235401950019064,Not Focused,0.8140380406365626
1784075013.311272,0.3653594764709081,1.5422741024493674,4.255154201190189,-10.58011169954769,4.2984870019695505,Not Focused,0.6857902105924678
1784075013.5151188,0.3793325818481404,1.5505581799476809,2.469441799417239,-23.33598501635519,38.64934909426334,Not Focused,0.6149159831581845
1784075013.7175808,0.39745966937421595,1.5581436613901705,4.582388134316153,-32.77204864537882,72.0574642493932,Not Focused,0.5035384628288442
1784075013.9012034,0.38333845889038265,1.560439201731984,-0.7468657227124007,-39.00744332687738,105.28969492683412,Not Focused,0.5173216937760099
1784075014.1156807,0.37675812539468156,1.5594235597321524,-1.9480011174462746,-39.566327645284794,104.46390334951995,Focused,0.5119652894898327
1784075014.310969,0.3766166260860866,1.555339545030882,-2.7459630306582192,-25.571090447014758,104.96852312627615,Not Focused,0.5375615545348036
1784075014.5107577,0.3789688034556825,1.5476204140474157,-3.4571913620438,-11.54262643437112,105.36233993502435,Not Focused,0.5465457914335835
1784075014.717674,0.37636132555777363,1.5376074224427771,-3.8942467525199356,-12.212508629262723,69.97696851347602,Not Focused,0.5658641069660593
1784075014.9034405,0.37298254041818024,1.5260771575745469,-4.333439125745094,-12.792064133847331,34.63101335940963,Not Focused,0.5696614522083441
1784075015.1060033,0.3698390025516245,1.5187430824569499,-4.873722655509104,-13.44057613616308,70.14793413880827,Not Focused,0.5494246169577438
1784075015.3118138,0.3717893738222482,1.5128940602533723,-5.071026385773522,-13.876706527475443,70.54785708910306,Not Focused,0.5647608794343593
1784075015.5119,0.3916791855548035,1.5087041644351566,-3.0851520791393567,-0.18344052267893146,36.64368314721519,Not Focused,0.5089400740990002
1784075015.7129128,0.4016345497062558,1.5013558301212524,-3.2636037218992984,-0.6395029224323295,37.07338053859769,Focused,0.5460744166026659
1784075015.9109702,0.44291144318199904,1.5002538205640725,-3.1027706519931826,13.422446025781914,1.3545239775425473,Focused,0.6667601613340971
1784075016.115905,0.4677574754560318,1.5016461407761508,-2.7790196176257855,13.48364252350305,1.4659274486764786,Focused,0.7245482589250958
1784075016.3050683,0.4797227052892025,1.5035627353304073,-2.2349424488751852,-1.0118062576437752,1.4076239347143713,Focused,0.8048752885423156
1784075016.517628,0.48686647219429185,1.5089183307438216,-1.7863379479345276,-1.0427517141657545,-34.27623117684415,Focused,0.8282751794762292
1784075016.706268,0.49639162399243525,1.5204224028710134,-1.6433057294869111,13.600708743674005,-34.16465762736545,Focused,0.8150629934633514
1784075016.9076474,0.4857111396189347,1.5221804710975508,-1.4634729557852537,28.19707487476831,-33.96838820737046,Focused,0.7570041990563492
1784075017.1043487,0.494870436529283,1.5245267892953211,-3.094116347463882,13.763771477626431,-68.94734317923046,Focused,0.8052363586337697
1784075017.317754,0.5041679936198176,1.5305147012671967,-2.912916279820009,28.420999750089447,-104.39092139046068,Focused,0.796556532887518
1784075017.5115914,0.46018498633879623,1.534660367823084,-0.3488347099628825,18.997817009477153,-73.83850012264556,Focused,0.7547556013139433
1784075017.715506,0.43509962020305687,1.5344237555845734,-0.7333403997330359,18.927464997377463,-109.25634736133391,Focused,0.7748311447164971
1784075017.9150195,0.437414674682544,1.5486138402134038,-0.012417014414269812,3.8125702393315564,-109.03469331100277,Focused,0.8486288434467559
1784075018.103301,0.4422144222820254,1.5573642611423169,-0.2987947476774223,3.442046448441586,-108.24098534655022,Focused,0.8400951629814843
1784075018.3095171,0.4402011258564782,1.5649024600504569,0.4014638087165812,2.905392999750795,-143.84271877677165,Focused,0.8040901444873658
1784075018.4991608,0.43634505593335665,1.5691888865961872,0.12679153125911133,2.603491187081512,-143.21181439908827,Focused,0.7907092376323727
1784075018.7195506,0.4128574086859521,1.5623274990437968,-0.23735675762842287,2.484440234776463,-142.78177019863767,Focused,0.7119814668861996
1784075019.0084116,0.39671802373318255,1.5646968520036626,-0.18904044787803365,2.6231636823219815,-142.91600933625165,Focused,0.5746435161130173
1784075019.2198617,0.3591770156420989,1.5635627470220037,1.3698721490002868,3.1096898385857727,-108.19573946088776,Not Focused,0.5936667326591927
1784075019.408158,0.3240294960901979,1.5581799975365132,1.0656620534267724,-10.865057193491364,-73.20767558588615,Not Focused,0.7402392111712535
1784075019.6154335,0.3421417098823207,1.5517025756505123,-3.7297142167418174,-14.752281008849078,-70.08853376146112,Not Focused,0.7194433103465278
1784075019.812861,0.3473577387624352,1.5517855996882937,-3.281032334210336,-13.770266692063519,-35.42167214180515,Not Focused,0.6939075788794169
1784075020.0397155,0.34695183942398955,1.5482142031476305,-4.119945696980557,-12.43484803659433,-0.39073729686585634,Not Focused,0.7369967668023423
1784075020.3034759,0.35106133366377557,1.5463944741372888,-4.202321547199926,-25.92820701403649,34.29028167258677,Not Focused,0.6541874404603074
1784075020.518177,0.3588877530687277,1.5459172743919762,-5.224689112522501,-24.929978769745713,69.63430274320467,Not Focused,0.6381807867600627
1784075020.75814,0.36522652203899275,1.5474941172298728,-5.122030140439383,-38.73184438528411,104.51250699831948,Not Focused,0.6143447913395991
1784075021.0695212,0.3779246401500608,1.5514272153704742,-4.709404045056207,-52.72610008730779,139.53374464930423,Not Focused,0.5213966439416945
1784075021.3199284,0.4103438622891547,1.5583447302055249,-4.6888070505652575,-67.02231268212016,174.93805529532034,Focused,0.6048177854206647
1784075021.5178957,0.44505828518950546,1.5654455515019792,-4.515093986800364,-67.17253849886781,174.76504781798775,Focused,0.7137553682370986
1784075021.827592,0.475956186058089,1.570512065330226,-3.9764250235766503,-53.04799909120277,139.59874420783336,Focused,0.7827979839350238
1784075022.0437486,0.5070485256660036,1.5802951714758402,-3.7301630420406915,-53.56428477218852,139.84830852918716,Focused,0.8521853687485688
1784075022.3311212,0.532423414493614,1.58883528610049,-3.031191747836341,-53.822109860332134,139.71495204916465,Focused,0.88563518729488
1784075022.531552,0.5397159091631253,1.589008746790834,-2.657427564448047,-54.17220618860803,139.8261575508121,Focused,0.8919587247611617
1784075022.724223,0.5372656807201281,1.5892762507262301,-2.0139385510718997,-54.42415988504922,139.56405453994404,Focused,0.9009356853346585
1784075023.028661,0.5358107608460169,1.5871775244014823,-1.2448937537453222,-54.55229318510252,139.18213924066146,Focused,0.9057503003730618
1784075023.2273355,0.5379355793281528,1.585382661869226,-0.5602379588602486,-54.568398923073474,138.77012848352058,Focused,0.9187613383866416
1784075023.4122744,0.5494385599650464,1.5884472627788342,-0.06620266382719349,-54.49221615600719,138.34684365306128,Focused,0.9305084488556603
1784075023.610279,0.5465405254469842,1.5856522742249508,0.34163541273360404,-54.43212132792608,138.03918040347406,Focused,0.9235803333459875
1784075023.8762388,0.5414060513862953,1.5825323060025742,0.8612579472741908,-54.39779151384787,137.67518450291448,Focused,0.9212058191238329
1784075024.344192,0.5389072734256393,1.5810059779213144,1.2751265364905353,-68.82765438377399,172.43420263278114,Focused,0.9324493254634086
1784075024.6298532,0.5357533406678685,1.5794359570389909,2.046812383028835,-68.7959298184976,171.92671382562597,Focused,0.9293800684300797
1784075024.9213517,0.4916023421588725,1.5736303356492194,1.8608091366596582,-68.60822534723326,172.20647730051496,Focused,0.891496984751887
1784075025.117716,0.494305054260877,1.5724812066851934,2.673873920383567,-68.67128477398467,171.73997146077602,Focused,0.893762752943978
1784075025.414284,0.49872771721658343,1.571264060740166,3.197092582693832,-68.76185926500264,171.48803798544975,Focused,0.9006947197246626
1784075025.6176662,0.4634648849513372,1.5657713225479035,3.7374559484859518,-54.647912232586364,137.22622466744443,Focused,0.8491118599032077
1784075025.834817,0.4136049978006036,1.5613376961869887,3.6930762655078153,-54.73273938208071,137.49735942700835,Focused,0.745220938603983
1784075026.1922593,0.38544588873013935,1.5542853490518775,2.395401727870152,-40.56352576841467,102.36166494474317,Focused,0.6052000059782187
1784075026.421795,0.37837180614457117,1.548171063305737,1.323854006475654,-26.596312760795435,102.8539534966646,Focused,0.5538272602220585
1784075026.7396066,0.3716876160778292,1.5415584523009564,0.9245407058809281,-26.919875999014938,103.5510850132583,Not Focused,0.5287790618151382
1784075027.0107124,0.3725482059897189,1.5364924272588798,0.37944247769806744,-27.18168187505959,104.15940601955981,Not Focused,0.5762471298998334
1784075027.2208605,0.37126064094036215,1.529170729759476,-0.24269095492829731,-27.46457144247585,104.73083505995615,Not Focused,0.5640394770158047
1784075027.4126897,0.411028278812255,1.5262600892396545,-0.3817863143255278,-28.150560911071146,104.98127498695462,Focused,0.5676550577986347
1784075027.6119475,0.4052176769862149,1.516154818095758,-1.2202490205973906,-28.335134000241812,105.56473166166226,Focused,0.5720884213860747
1784075027.8267024,0.3984271859889651,1.5108043260919,-1.8042235669132907,-28.205841931391024,106.0429464335958,Focused,0.5073633500462029
1784075028.0501697,0.4297781931320091,1.5115447089840655,-2.4421336336650072,-42.53679398084495,140.6498271454106,Focused,0.6232390350840039
1784075028.3176806,0.47735248288235493,1.516909573807744,-2.5732877185988543,-28.293055717482265,105.69730762916204,Focused,0.751537980137445
1784075028.5364022,0.5016435688920036,1.5198702987899595,-1.433493478767229,-28.369411091768256,106.15206304646499,Focused,0.8140065675940371
1784075028.8095498,0.5086691778905614,1.5258063423858732,-0.2559168154519562,-42.61277786828781,105.81128533645999,Focused,0.8642714848443546
1784075029.0182745,0.50939259610525,1.5278967978340319,-1.6693500521705587,-34.96908899940752,105.57355693434661,Focused,0.8356956776390274
1784075029.2207005,0.4939542886688685,1.5240227236846169,-1.8977884624425918,-20.629488739850856,70.4881271386359,Focused,0.7971086499377221
1784075029.4209485,0.4826362838264534,1.5260860578626232,-1.1365306095810055,-7.9036413677307396,35.85788692470824,Focused,0.7623806172622872
1784075029.616497,0.44630920131388707,1.5219343058684722,-1.1431847379085345,6.444298589256258,1.017141578042714,Focused,0.6684827933445526
1784075029.8091915,0.4204727423886793,1.517577739529699,-0.10041930008196473,19.410482267058534,-33.66969535922142,Focused,0.5718886514744109
1784075030.0276167,0.3964553866139592,1.507776429546356,0.08741638710437091,19.328386072332954,-33.7680619046552,Not Focused,0.5489718551499639
1784075030.2352436,0.3852420674080948,1.5030025441720554,0.22885523529111595,19.48161603439773,-33.94805886285013,Not Focused,0.6215239480797645
1784075030.4197385,0.3592957254492151,1.4846935538604413,-0.09253471160845379,19.619268704361662,-34.44707667379804,Not Focused,0.7294216929820093
1784075030.6089442,0.34301481798673494,1.4728670723235133,0.06115313663755597,19.7978380710124,-34.36725278702539,Not Focused,0.7039609120733054
1784075030.8211024,0.3260496929693291,1.4643622168238686,0.3366682785699397,20.154460933206572,-34.61807473675192,Not Focused,0.7433131551546598
1784075031.0110848,0.3147086038763903,1.458127038122667,4.169614926933933,14.653881578996566,-35.56278727489642,Not Focused,0.7049153240744905
1784075031.2345004,0.31368625410701334,1.4519591865304406,4.60792018201929,0.7658073726441188,-0.9440245586294281,Not Focused,0.6053084397392512
1784075031.4152164,0.2880359072671294,1.4404732054697729,5.39746581757119,1.9163792634917378,-0.5141608148109242,Not Focused,0.6811626726116295
1784075031.6076095,0.29737696587559337,1.440892877136853,5.914476260442529,-12.063423146407555,33.67385260855326,Not Focused,0.5415718908528768
1784075031.8089128,0.28922681816897666,1.4309888167121676,5.0325456621694915,-24.82228275174693,68.24781892626763,Not Focused,0.7684611419678125
1784075032.0212624,0.2780686737983516,1.4303863767371439,5.366225402906427,-10.274338676027039,33.3244891617345,Not Focused,0.8157010086901905
1784075032.222063,0.2551543279206756,1.416364985810964,5.298587202265396,4.755101400053222,-1.5775139077028597,Not Focused,0.8865268486864651
1784075032.6273441,0.25373574805546173,1.4138630032288315,5.74077660598029,-9.1761936624946,33.35897209795152,Not Focused,0.9158321862030316
1784075032.8086753,0.2574731645447844,1.4081884165510161,6.37721714014762,-8.217296365701326,33.45978672287258,Not Focused,0.9129890357590781
1784075033.0157104,0.2680067771495178,1.4004802567807435,6.413001559583018,-8.199556064121445,33.39068516206784,Not Focused,0.8897526701095017
1784075033.206046,0.2725973649472331,1.3987254123282584,4.476007161044049,-9.747328605803762,33.812532130275756,Not Focused,0.8734416454114884
1784075033.4284818,0.2778641354251856,1.4044829709529394,4.665448849734854,-9.751130559173665,33.68933851036371,Not Focused,0.8346081309307605
1784075033.6263404,0.30303547860990204,1.411156404217197,3.533284508024555,-23.11776605382854,67.27738167959481,Not Focused,0.7733738306641407
1784075033.9176257,0.3170834681136476,1.4097532218392241,3.419265565462029,-22.995103265257946,67.38922655233745,Not Focused,0.7922217993241993
1784075034.179205,0.3380547338215381,1.417597746382953,3.602010498262323,-22.685343886835557,67.05462973835952,Not Focused,0.7288206307504652
1784075034.556232,0.3649227667518244,1.4211525357591126,0.44001077451687143,-29.234498184012125,102.30819807765918,Not Focused,0.6513218025659666
1784075034.825328,0.4019552039968124,1.43880390957715,0.6149476499437629,-44.09403721177559,136.8693238852949,Not Focused,0.5317081695313707
1784075035.1134987,0.43710504158102176,1.4565783248953326,0.7426325997022041,-44.40846465885301,136.86680627516984,Focused,0.6286143876859694
1784075035.3132596,0.4571740494695954,1.475762312344055,0.07888478864929996,-59.57036087404374,171.23931842248967,Focused,0.6871021903004619
1784075035.5210657,0.4738912918322097,1.492916483795873,-0.39110477034178437,-59.55146625977211,171.1424052614043,Focused,0.7497612505202705
1784075035.7254987,0.49935326355284626,1.5066771540739547,-0.7022661581740318,-59.63459034720429,170.986427912331,Focused,0.8009134622454541
1784075035.919009,0.5190227657463476,1.5177802817885975,-1.0958765505615848,-59.62423702040064,170.91024246144883,Focused,0.8408840786903576
1784075036.1244009,0.541937823401659,1.5355979437902363,-1.6010108146258788,-59.638083940819705,170.94664075755492,Focused,0.8793470937384077
1784075036.4178655,0.5590296532615406,1.548167334636278,-2.376225920791872,-59.63618538539796,170.79870079982555,Focused,0.8515572240861283
1784075036.6342382,0.5740129027137864,1.5612217707818754,-2.9356582929166044,-59.71143149534366,170.63758956756917,Focused,0.8980901259737604
1784075036.9463453,0.576203772368732,1.565399965477478,-0.06249264382784039,-67.78066518037758,169.53384163944997,Focused,0.9487645337780748
1784075037.2864766,0.5674365843905711,1.565744675724287,4.086275930765186,-56.03396678290667,137.64153469128524,Focused,0.9609132328447642
1784075037.5609815,0.5501693863395388,1.5617984388041537,5.297187566700307,-56.59666881775776,136.85228484566625,Focused,0.9498986569065061
1784075037.8659647,0.5360488044448182,1.5578636818724252,6.213306867153891,-42.71285971647224,103.03377153095201,Focused,0.9440537444462784
1784075038.1587272,0.5131737795054039,1.5544425535254216,7.516587023919527,-43.38129926070214,102.12603185696295,Focused,0.9269513675236131
1784075038.435272,0.4924855522910917,1.5481521763451158,8.501619964880124,-43.92645412433415,101.51690232215859,Focused,0.9138970557471549
1784075038.8193576,0.47348598303887457,1.5424578351290796,9.23153375883356,-44.18434191996802,101.15698406570064,Focused,0.8756127785375187
1784075040.0565658,0.450726339741461,1.533546855926601,9.897705699286599,-44.445781506190734,100.89054753631456,Focused,0.8381876895073666
1784075041.063405,0.44771025222298605,1.536166794737517,8.805906149673254,-36.06662495421428,66.0653855626448,Focused,0.7959550818438097
1784075041.7725353,0.4508383030162646,1.5405776612140465,9.857766832487467,-21.83154162700971,31.8194292070689,Focused,0.7665570054447752
1784075043.1854587,0.45978380858427403,1.5452089674641605,8.989284693940476,-11.137748731416085,-2.3309247545359484,Focused,0.7516384965042546
1784075044.1919224,0.4455092261397269,1.5389561334392634,8.45108229474663,-8.507370581355353,-1.88086859586777,Focused,0.6868866143586854
1784075045.077683,0.42478080560366827,1.5451253925905042,6.538028194312552,-7.014069408803943,-1.658191335580645,Focused,0.7148831025648666
1784075046.0931516,0.4190750726194737,1.54825344458734,5.424665292840484,-20.437682453223367,31.755877429405224,Focused,0.7189051192217973
1784075047.0856054,0.4286894949123086,1.5525078024569752,5.1230765665352385,-19.86721258315179,31.784866378035623,Focused,0.832585015067504
1784075048.1134605,0.40717366023883733,1.5475309593606426,3.3077584149560004,-18.715307498821858,31.717800521873517,Focused,0.6144065794487144
1784075049.0575507,0.40388988326602177,1.544592227199772,2.046006422865343,-17.98845505367188,31.99266869151195,Focused,0.5590774267826069
1784075049.4385474,0.4076523730868117,1.5437254189410377,1.2433732108260036,-17.76392535998378,32.43541051144451,Focused,0.6414068992394678
1784075049.751668,0.3824846492518665,1.5392122007702946,2.610580963274134,-26.21155772401486,67.4773666447621,Focused,0.6152741718435903
1784075050.0243068,0.374411510364567,1.5363481111470314,1.8237610152496209,-40.71658165286771,102.42673900482922,Focused,0.5915450763584535
1784075050.2177463,0.36836457161982794,1.5344783219389702,1.8058590984957932,-36.599780713528276,137.76127907541064,Focused,0.5707741430678367
1784075050.4078114,0.38586911149712877,1.543255831371418,-2.9897739500878266,-36.33615279080347,169.93875217962105,Focused,0.5478656485817731
1784075050.6097922,0.36474172012218886,1.5320661606230366,-3.859374063911686,-22.775726800902035,171.4143108069415,Not Focused,0.5033585316140614
1784075050.8254883,0.3493391584427446,1.5275940317570114,-5.275276459026916,-8.733699209590428,172.62177738315134,Not Focused,0.5925266918567751
1784075051.0098405,0.3278751400723031,1.519773001473759,-7.906616323437551,5.74872305944235,174.348554167664,Not Focused,0.7258219803648004
1784075051.2139215,0.3386717156868916,1.521560496719225,-8.817778450923493,19.409454856218673,175.92719808285295,Not Focused,0.70870180328426
1784075051.4292402,0.33642057494197275,1.5207833033630611,-10.007819773229965,33.200373732149544,177.00388187835455,Not Focused,0.7461000383003377
1784075051.7334054,0.34071235220644924,1.5264230675915875,-11.336420548428174,47.43345929183382,141.89884185012198,Not Focused,0.7811627750669253
1784075052.0384722,0.3590646765796899,1.5295688463097843,-12.78729326638523,61.6484901276565,106.7754610620264,Not Focused,0.7623037974746361
1784075052.303843,0.3553243623967024,1.5310670399526114,-14.449659068665671,76.1763059442312,106.67360455236967,Not Focused,0.827127092064019
1784075052.5113928,0.35527317946876236,1.536075872259752,-15.58038001782188,75.90206647445402,106.12752303645395,Not Focused,0.8436244637637995
1784075052.714743,0.35603075836870457,1.5388488976397003,-16.55800591480635,75.59356463997793,105.60498949825315,Not Focused,0.852031220555076
1784075052.9177477,0.40685806903090993,1.5503542392613414,-17.118198489536503,75.454983871856,104.90471987889946,Not Focused,0.7556259220461833
1784075053.1132143,0.43701124188897655,1.5569087535212194,-17.42732970489059,75.21923040412801,104.2379704898045,Not Focused,0.6657185641785666
1784075053.3243446,0.4571794216393963,1.5652998000053044,-17.44250041317847,75.05975142012596,103.5473102683867,Not Focused,0.6071432189831611
1784075053.5115457,0.4846200685006963,1.5776286242519555,-17.262883111341313,74.96101215353363,102.74720980698541,Not Focused,0.5177144790085957
1784075053.7217462,0.5062807071490912,1.5885231710437888,-17.08004486592133,74.95546341868655,101.83078225275281,Focused,0.5568194319387019
1784075053.9108665,0.515143777935305,1.5875079454329972,-17.018987987063944,75.00670880081006,136.83268729083548,Focused,0.5638100646330046
1784075054.1032803,0.5251877205701069,1.5889059055252859,-16.886157720532214,75.08906842500764,171.97620774136166,Focused,0.5926251379169191
1784075054.321358,0.5336213232927041,1.5902161723251813,-16.543828971235026,75.00568749946986,171.72954256032864,Focused,0.6274707133598695
1784075054.5031104,0.5376807961626654,1.5905638228504384,-16.129301158282388,74.94725937170409,171.65514809450272,Focused,0.6475172929776184
1784075054.7489443,0.5397436701932772,1.591406175927833,-15.720145237890204,74.90191015798675,171.6644144626256,Focused,0.6609807439174485
1784075055.0289433,0.5410117201648154,1.5923241699504185,-15.185337942786457,74.8687236237805,171.76296851989065,Focused,0.6798530892283411
1784075055.220467,0.5400242725868539,1.5931908401942725,-14.754407127130573,74.8692577578739,171.86721325799556,Focused,0.6826909567220844
1784075055.4029517,0.5460318497674362,1.593925802355109,-14.513867353571394,74.89298224852867,171.96906651347356,Focused,0.7097982338414432
1784075055.616196,0.5390278705963001,1.5925092855296372,-14.337078047164763,74.94630590260996,172.17915644906867,Focused,0.7091012652861374
1784075055.8245184,0.5244621666494157,1.5907235248063076,-14.031466387860629,74.92491893279393,172.44400211541648,Focused,0.6945267109355021
1784075056.0147462,0.5226334856229956,1.5894036589197233,-13.853681712237961,74.90146653532803,172.61194809132502,Focused,0.653875053157601
1784075056.220565,0.5232141011993747,1.5867961179522116,-13.77804529995764,74.85651074261526,172.6856371784447,Focused,0.6418716192252374
1784075056.4276206,0.5260699529190214,1.5862433283163482,-13.74515910253827,74.92713522682257,172.68781615499614,Focused,0.6570366326833822
1784075056.6178432,0.5252657403704826,1.5843766108489494,-13.710961712914017,74.99472511394295,172.73725885823833,Focused,0.6516373467841272
1784075056.815311,0.5252112850742228,1.5835463167567245,-13.643574209540725,75.02582479780237,172.7288951522663,Focused,0.6957151084191803
1784075057.1017325,0.5233818169829914,1.5835919102658287,-13.586830625142827,75.0737940468281,172.73729400202984,Focused,0.6922365834172904
1784075057.4830923,0.520681680116921,1.580251570525753,-13.705552420222938,75.13600234697878,172.64650055813007,Focused,0.6351122735754421
1784075057.854177,0.5155672656171477,1.5763067662676136,-13.741934608903188,75.24753992436057,172.69003397860178,Focused,0.6030895273311442
1784075058.1235538,0.511933097835804,1.5734461048971182,-13.336039178909042,75.29131760328679,173.16934644971047,Focused,0.5832294807834302
1784075058.4409811,0.512872538140768,1.567883607535551,-12.802263688913593,75.32291706097907,137.864743925938,Focused,0.6370506843650119
1784075058.9382808,0.5133040881457748,1.5676026820397762,-12.008369289221354,75.08532444814331,102.71756181628764,Focused,0.6364193182678833
1784075059.224731,0.5140710434085303,1.5680296133674765,-11.254505141238685,74.85412876000498,67.57495062559418,Focused,0.6447049295897928
1784075059.515332,0.5111278964615328,1.5656551319079082,-10.663734805551393,74.62450881109177,68.22454229921014,Focused,0.6530647155400426
1784075059.7495158,0.5128315317974835,1.5641631731355514,-10.115042101939412,74.60469453291034,68.64476584093806,Focused,0.6599993059775567
1784075060.0530534,0.5130920282537585,1.5595751366760209,-9.75507733014714,74.59448773190289,69.03599574199927,Focused,0.679357300263882
1784075060.3130085,0.5100180044888885,1.55318804492137,-9.471130710348728,74.55423729158625,69.38629234968366,Focused,0.6629157336073758
1784075060.5211222,0.5057645833685325,1.5490011643141819,-9.028829220956709,74.46941615793654,69.78395349263032,Focused,0.6542127586788479
1784075060.7277207,0.5037761032610726,1.5478543482165108,-8.691833155194676,74.36592486750337,69.96575556881626,Focused,0.7272971409613662
1784075060.9252713,0.5100310494440533,1.551555578850659,-8.78909018084629,74.36112921169116,69.69172014233013,Focused,0.7313373308110528
1784075061.109332,0.5223541250999375,1.5569746656207362,-9.24060440657821,74.33839283372326,105.12182552485827,Focused,0.7093882515591369
1784075061.3153539,0.5240970331960727,1.5566216734250073,-9.886698933366791,74.53138379757698,140.45239106808322,Focused,0.6999267870629773
1784075061.5069683,0.5247846952444407,1.555840996050111,-10.460400184980665,74.80713593256041,175.79359725918124,Focused,0.70107987821709
1784075061.719619,0.5282009878265999,1.5548184729049317,-10.92537273820472,75.04059739146182,175.3123011180052,Focused,0.6962684497501928
1784075061.9184716,0.5289580962269084,1.554982030403506,-11.248738604844798,75.04787309779576,175.05420865580197,Focused,0.6994522767112419
1784075062.112313,0.5317204398017339,1.5570024450104005,-11.406352554009315,75.06114097695536,174.91400732937046,Focused,0.6984102150292121
1784075062.3311157,0.5375889812998813,1.5607352258663094,-11.536949546140356,75.06068561135513,174.74288494702733,Focused,0.7185879527439085
1784075062.6206403,0.5476678028622011,1.566988613853433,-11.67036184431439,75.08776988598879,174.5912157944221,Focused,0.7469525429484097
1784075062.9238415,0.5556266371574617,1.570053433826967,-11.704007092061154,75.10400644925788,174.5629240245666,Focused,0.766669735291275
1784075063.125205,0.5554144821743707,1.5662030289633861,-11.737729050095316,75.04476322513838,174.59487211323045,Focused,0.7647049985618072
1784075063.4720495,0.552227465437302,1.5628249307549107,-11.68304241707572,75.01820230696347,174.66205772182528,Focused,0.757146265045453
1784075063.7275827,0.5507544279574711,1.5607973107867195,-11.608296387406723,75.01712948963365,174.73279587127587,Focused,0.749385557069721
1784075063.9290006,0.5473997740672977,1.559454360156509,-11.540677265318605,74.93736881989601,174.78801593787733,Focused,0.7542939298009355
1784075064.2946908,0.5397635316697561,1.5612464936155028,-11.121543474974661,74.91322423505467,175.11750990545517,Focused,0.6965141717538789
1784075064.623029,0.5323306258568514,1.5621772809029857,-10.176127157243428,74.91085742001897,139.93673481972624,Focused,0.745431167835182
1784075064.8191319,0.5266921244261572,1.5617504357521406,-9.008733840761721,60.12602526175776,140.18384191922254,Focused,0.7238406785578927
1784075065.0303352,0.525492032043994,1.5631391304561901,-7.540767390566235,60.3668898121741,105.32074893079509,Focused,0.7151755234576654
1784075065.228502,0.5262854876240681,1.5673460647721815,-6.520059134507565,45.899407595254424,105.3848733177135,Focused,0.7178825545404518
1784075065.5444407,0.5294769028972016,1.5737757508004844,-5.55204540878409,31.467932221516055,105.27153413515434,Focused,0.76214476743092
1784075065.8292882,0.5260215123502969,1.5749669458556328,-4.442628007018536,17.089375789731992,105.09895298659808,Focused,0.735071411868507
1784075066.0259736,0.5267261027273534,1.580362406294334,-3.9044668461752656,2.757038557464854,105.47509586318992,Focused,0.8109126768902106
1784075066.3507369,0.5242336321985394,1.58386761944859,-2.551268623303895,-11.731357073412184,105.27101785162297,Focused,0.8477260792058274
1784075066.6450744,0.5186789776697595,1.5835358335989407,-1.0770498491521188,-12.106941738882353,70.62968371822458,Focused,0.8798675078167836
1784075066.9441247,0.5196724773647838,1.5824273480841236,-0.5480739559664716,-12.990168016666354,35.28142135630859,Focused,0.8873362822233246
1784075067.2598789,0.5213140603615626,1.5820989752696395,-0.3333873326430239,-17.958124371813028,35.35985099807796,Focused,0.8991163384918571
1784075067.676666,0.5211124775239002,1.5825307604323002,0.03571540867212279,-3.70587428190956,0.6543317384017143,Focused,0.8994123842119471
1784075068.048799,0.5095204092970037,1.5801938864091667,-0.21433157488990484,-4.402072859100359,0.760775396435713,Focused,0.900530556547941
1784075068.532876,0.4822892946319587,1.5721165787138847,0.11117054521454062,-4.822154986097436,0.9128472650099042,Focused,0.8249682834690705
1784075068.9618995,0.45156576717237684,1.5628152825015036,0.24111087659061092,9.07313625417528,-33.809995062599704,Focused,0.7809390154511081
1784075069.3408864,0.44155665518716847,1.560479024372796,0.2143883159642864,23.098723601403996,-68.5542863957933,Focused,0.6611189540001003
1784075069.6461449,0.4317257297539757,1.5554937920726777,0.755056481549172,37.063395102973125,-103.8777160701085,Focused,0.6168612449177481
1784075069.929482,0.4260147499381738,1.5553162612081066,3.051703133233153,38.26527650588862,-105.41764160879754,Focused,0.6496350931016099
1784075070.2105222,0.4274447143879714,1.5568587405586776,2.8179312691072598,38.326800967088715,-105.59830239668842,Focused,0.6491622963168469
1784075070.4296448,0.4247231447245496,1.5561759882896948,3.2898900841609544,38.85903648990417,-105.29755043218651,Focused,0.6222813558126725
1784075070.7292683,0.42403795129245625,1.5556793439043304,3.5591104412219146,43.42953777300689,-104.9281289263267,Focused,0.6188802437355287
1784075071.0400522,0.42278593146427285,1.5564473430718508,3.481286180848879,43.552991364551104,-105.21077045158759,Focused,0.6011986950892682
1784075071.3418403,0.4327247428527783,1.559948673477885,3.729832046092961,43.6685913686834,-105.16649332289963,Focused,0.6511169898435593
1784075071.6459477,0.4544884938600582,1.565714180044115,3.896852744212756,43.85698323149256,-105.54381589810313,Focused,0.7095584143324803
1784075072.0839427,0.4672149468298528,1.5693542832894383,4.24111849888981,29.7223619434721,-70.94370711358765,Focused,0.7489300900494283
1784075073.076054,0.4466484182981677,1.5658196713589168,4.6561729768846405,29.744851335563908,-70.71820483744108,Focused,0.694172730119538
1784075074.1178246,0.4462992123382662,1.5655725514849632,5.213424736816681,29.808659483996898,-70.37409581343134,Focused,0.712114209113452
1784075075.1252573,0.4459115168539528,1.5634941032305913,3.1948494098789295,28.411173929253465,-68.9670796537073,Focused,0.6991040297268938
1784075075.9737825,0.44488742406290716,1.5636506047946406,3.0849939420475327,14.160527909020743,-34.24076731928185,Focused,0.6498550598589882
1784075076.2603,0.44684032120378425,1.5670142466247456,2.5200967399697496,14.130377684206792,-34.881473408897236,Focused,0.6754806617174062
1784075076.582263,0.44765946760187036,1.566546662350468,2.9835753396281963,-0.21081643007013043,-0.6337314377647061,Focused,0.7557950193060663
1784075076.920911,0.4512011561620448,1.5735012047406296,3.6626182072072617,-0.151639443942436,-0.029014814244533227,Focused,0.7929309259829094
1784075077.1226811,0.4422036966669999,1.570295228643235,3.5570723450226547,0.03912092770659541,0.013047450123883664,Focused,0.7769943810112728
1784075077.4257543,0.4364272165559255,1.566061043295059,1.6169445689751734,0.23118230311148835,-34.95634865009339,Focused,0.722439127867768
1784075077.6579812,0.43807052715112765,1.5629176641804028,2.233762154795415,0.23619932032967342,-35.46382908253221,Focused,0.717009114876469
1784075077.9177327,0.4613348210766091,1.5632764706435054,2.889243639695439,-13.80341239823839,-1.751943284917985,Focused,0.7559951344864536
1784075078.1433783,0.4634972393680033,1.5624272324488715,3.5847620687990274,-27.774260195456122,31.863861161106747,Focused,0.7521267467261569
1784075078.410141,0.4674703707018052,1.5637526485007038,3.8527665384695537,-27.387694465172842,31.441295907803568,Focused,0.8021042900628512
1784075078.6193304,0.4281569152988586,1.5508771099902041,3.9595940359337143,-27.069067526067386,31.260351356952185,Focused,0.6823714544708707
1784075078.8174813,0.4280946099227127,1.5490772291894104,3.758371441944098,-41.15275415969484,67.01370987114957,Focused,0.7384176087720606
1784075079.0391436,0.42944589431166263,1.5549028866269277,2.2034454259379466,-40.93318442748582,32.10577426982612,Focused,0.7363636721206912
1784075079.3201869,0.4268618091127571,1.5445064713726275,-0.08284498490887167,-55.49620181322679,30.91876144830055,Focused,0.7241231906644064
1784075079.529518,0.4308154586656679,1.5427822861604112,-1.7110308307291333,-70.67859146585657,30.291017537404525,Focused,0.7215674604050836
1784075079.8405375,0.4307314418524495,1.5392619195742,-0.36926450490520174,-72.0986521838422,64.9060675077,Focused,0.7341706205730517
1784075080.1312802,0.4054249462762705,1.5282887889927799,0.2980033148401848,-73.49351585651122,63.088491534702506,Focused,0.6459901323598819
1784075080.4121563,0.4080003573423804,1.5333965456101368,2.9466644688306927,-75.28297098790681,59.29885436088798,Focused,0.690958046357959
1784075080.62933,0.4103287577959313,1.535365307536807,5.425675774843637,-77.03769428090357,55.58878400482729,Focused,0.7316321576250329
1784075080.8176115,0.4069793186837643,1.5282760555172876,10.29928551765152,-78.78063205613442,49.51600295374338,Focused,0.7548948322537348
1784075081.0132556,0.4245513966091953,1.527772065195054,17.93764860312837,-80.57223136907308,40.85894809842582,Focused,0.8304478319257089
1784075081.2095232,0.4221150838021946,1.5196313580262861,27.638781777630605,-82.21321619037528,30.35925791511952,Focused,0.9126576798995717
1784075081.4202907,0.3794858617576097,1.4953245446844419,36.491918161283834,-83.83540358767245,56.87860200333091,Focused,0.8673171837304519
1784075081.627664,0.371127945813411,1.4860999142283986,46.60872142084267,-85.09947777531201,82.55334423289239,Focused,0.9069910253509631
1784075081.8013608,0.3642477395239985,1.475777498883539,57.730650355744686,-85.89829262746471,107.28962333616482,Focused,0.954199618536335
1784075082.0235205,0.357520871778621,1.4682888915521672,68.52948920029742,-86.09299380258972,96.4502567761948,Focused,0.9723377937766207
1784075082.2224803,0.37796839034348007,1.4670040006901321,76.02902525026947,-86.16847498652037,88.99996091724869,Focused,0.9854722149248597
1784075082.410777,0.3733082696655532,1.4539639387713954,83.12729324542764,-86.06727029937346,82.1025604163314,Focused,0.9898785955991766
1784075082.601724,0.3670732505203033,1.441000995525378,82.10413453712856,-80.09132893842725,80.59427638117086,Focused,0.9893306059628488
1784075082.8150477,0.3378464842621357,1.4271280932333008,79.11929276525672,-74.13697302732872,82.1747233280273,Focused,0.9789290440749304
1784075083.0077386,0.3547470381173973,1.426444750624071,73.99124158131066,-68.16914848096778,86.10234653691785,Focused,0.9803189252483687
1784075083.2102566,0.34843127962790854,1.4171169169734552,67.47506733384641,-62.22363002953601,92.78349126076367,Focused,0.9716515923179881
1784075083.6140945,0.3762455934581995,1.4183791286777985,62.053387311080925,-56.30107240138494,100.11472033155127,Focused,0.9803677281603311
1784075083.8091547,0.37327585706394384,1.4126043206539989,55.908991260264415,-50.31754054527317,107.59959300596225,Focused,0.9610791943741703
1784075084.0162256,0.3739948969863157,1.4106081549343692,48.81914186784879,-44.35265680404941,114.50143477800222,Focused,0.9351916632794568
1784075084.213575,0.3789682752571335,1.4112074043927036,40.876762933896856,-38.39612427114241,122.20576638101761,Focused,0.9037709268697526
1784075084.4150503,0.38658932529941,1.4183424299242506,34.358629316332994,-32.43592733654827,128.72981371640196,Focused,0.9099189476064048
1784075084.604781,0.3869714296074322,1.420492638054106,26.161209098951712,-26.53565069267148,138.05857237974448,Focused,0.8599723255215368
1784075084.8042076,0.38381728257582015,1.4187752948909977,26.142843450514924,-26.615103662756276,142.0868219818469,Focused,0.7758384999371923
1784075085.0108101,0.4084627782268441,1.4241325594749736,26.125127820324632,-26.674052998890726,145.37578261256803,Focused,0.8301977247573751
1784075085.2276435,0.4045210819870727,1.4235590550967783,26.115616182119812,-26.722711278504562,147.66447985845986,Focused,0.8288347845982492
1784075085.5330212,0.4044274212846065,1.4281201150632827,26.0747632983198,-26.73409700164779,149.08073200546934,Focused,0.8359217734176697
1784075085.7992678,0.40778608127482363,1.4328547948439574,26.11394658538482,-26.68528146595807,148.2002059102766,Focused,0.8490632026582255
1784075086.0073576,0.4063237401469803,1.4354695345706978,26.114372039406607,-26.670457317716966,147.97298320505269,Focused,0.8448224078956639
1784075086.2140756,0.376984847036179,1.4245106608341855,26.122084132913006,-26.702173685939357,150.22537356816272,Focused,0.8167765307474925
1784075086.4075487,0.35925418858873,1.409409773205769,26.164374814219535,-26.750228904136133,152.5650327919325,Focused,0.8950272317579663
1784075086.6075377,0.3693114090105209,1.4033598823900326,26.178849937415464,-26.833848730390166,154.69995756423893,Focused,0.9759209803540766
1784075086.8095515,0.3915846032535603,1.4093858710034561,26.243315943020196,-26.882912139911262,155.18930435730505,Focused,0.9815372979578479
1784075087.6013587,0.40855376293572,1.4142460544884825,26.253303577327614,-26.945625555192372,155.67928663941342,Focused,0.9866007799373339
1784075087.803626,0.3810581012880404,1.4034136399443544,26.283331002916288,-26.964833532329372,153.47198978265646,Focused,0.9381187720791981
1784075088.0075762,0.3833991434315034,1.40050950239692,26.265562515805964,-26.958108072473642,150.67497869946664,Focused,0.9047098768118547
1784075088.2121313,0.38632862020101,1.3992154223683282,37.340139422593005,-32.794999689619715,138.06535566255886,Focused,0.9482629688479984
1784075088.407598,0.3857777086789706,1.400195645848417,48.60140423393202,-38.724096445685305,125.58844192035289,Focused,0.9672372830695923
1784075088.6121962,0.3845441960195034,1.4013082934458942,60.156854400943075,-44.750860894951174,112.75612961282411,Focused,0.9795723526399558
1784075088.8036335,0.4051276124301375,1.4090052747951571,72.79139679867076,-50.844057825973834,97.9050567955006,Focused,0.989632201919677
1784075089.0197768,0.41229067295235555,1.4136763395355372,85.51703917042786,-57.014589436125824,82.85618266024922,Focused,0.9954959149614088
1784075089.2254007,0.392484535035149,1.4083535262333862,98.27716135722486,-63.066485206366664,67.66218684670136,Focused,0.9970120151017648
1784075089.4036603,0.3636669541049778,1.3953351586867127,107.41277250114258,-69.07942320393053,56.41383234560486,Focused,0.9968808958734882
1784075089.6151104,0.32512728298706106,1.3885548920585291,114.5226626927503,-75.04387793605312,46.98899942811887,Focused,0.9967440984623289
1784075089.8242793,0.3525196679842095,1.4005725620909093,119.92833030326582,-80.94143704671473,41.6043249221299,Focused,0.9982855431064633
1784075090.0216308,0.35306549763011363,1.4068378617837904,124.66161479146527,-86.81822707196255,38.225222378252184,Focused,0.9987107727776707
1784075090.2174876,0.3499949209123748,1.4111699783911513,117.79097290947546,-86.75767443246032,44.41605983707685,Focused,0.9981665570038261
1784075090.4057446,0.35090930519656655,1.416055648156852,109.64314575689767,-86.56005732921089,51.7451779891313,Focused,0.997244783202162
1784075090.612037,0.3301415602381403,1.4201719917735256,95.48784890907122,-72.05239527005267,65.99741874759282,Focused,0.9900159116903225
1784075090.8126404,0.339500132779633,1.437280806475466,81.98443797934851,-58.181646478757536,82.24242849175357,Focused,0.9827406329664775
1784075091.0046475,0.3488763686764492,1.4604118990339627,68.51321473044668,-44.286456129762556,98.64417428187596,Focused,0.96561327034036
1784075091.2253404,0.3530459382040948,1.4750264881920785,58.35121185133905,-43.687433522345984,107.60217772014985,Focused,0.9314987003083572
1784075091.4172726,0.35351974083518767,1.4865320047348916,49.836995266793544,-41.679052943846116,118.59258565642942,Focused,0.8893517531886015
1784075091.6138504,0.37083314258734135,1.497657929963265,44.61684827144135,-39.35762764447688,124.50508015255181,Focused,0.8884317221078238
1784075091.8117824,0.3659430001866236,1.5029669398838776,37.8728606058781,-36.23130728233413,131.0045768173448,Focused,0.8397818240007474
1784075092.0195568,0.3623628768355244,1.5081160039527908,36.40515489219415,-36.11087343068214,132.17951358025093,Focused,0.860677839799087
1784075092.21788,0.3605885603869997,1.5093565650410685,35.74742493587874,-36.190977908877315,133.10919236364697,Focused,0.8594915250973516
1784075092.4225106,0.3611551231703106,1.5064082596009751,38.185603301389776,-36.476309336897906,131.3338161125053,Focused,0.8739436342318189
1784075092.6088212,0.38530626264384077,1.5036948084545902,47.18007597160117,-51.0054955739407,122.24942715413934,Focused,0.9419597010104199
1784075092.8254871,0.3788047225913846,1.4914149922506534,55.00130703279183,-64.74099856990843,111.81162429840802,Focused,0.9569074407916477
1784075093.0083282,0.351091156773741,1.4745600461908184,56.56990697226403,-78.20592980141456,107.80534530713953,Focused,0.9456404523415411
1784075093.2374146,0.33459033589158804,1.4678095303044714,50.85594376771967,-63.141284871772385,115.7365258985005,Focused,0.9186986850996204
1784075093.51771,0.337625955692331,1.468422153144456,47.43205932020384,-63.36925922395928,117.94267562334171,Focused,0.9287856059056568
1784075093.7203178,0.34660347910906225,1.4741401600051902,42.603821168665164,-63.75564917629176,123.40752823781877,Focused,0.9191662610327089
1784075094.016925,0.3467360378086838,1.4794377607355518,41.12358028171584,-65.06638215584351,126.684662965335,Focused,0.876929594942901
1784075094.219288,0.35455158825968175,1.4854689902172047,35.21131984326648,-63.44754530436579,134.44933814993,Focused,0.8628894293528903
1784075094.3994308,0.36042288488270874,1.4957634693339699,29.264153444986874,-61.5277096720921,141.82660989890837,Focused,0.8347752919108938
1784075094.6351104,0.3675949135400975,1.5076372130152567,23.487579308059782,-57.679759969263344,150.05891520693322,Focused,0.7895774099499799
1784075094.8113132,0.3775093791468478,1.5201918861441202,17.183453516125308,-40.99844848116695,127.34068100783925,Focused,0.7180913251029518
1784075095.0208082,0.3892769909705401,1.530124036071415,11.185258451668497,-24.272052942333442,105.75384483173995,Focused,0.6242841458716217
1784075095.2095091,0.421164524594384,1.5447719617277564,11.366066996925737,-7.7356521024960525,77.67298941771857,Focused,0.7001488569462719
1784075095.7028604,0.44781302248430005,1.5558375837052267,16.175530619693205,-6.488139340977574,45.77323552665753,Focused,0.8013193941790409
1784075096.1193771,0.45707488133396124,1.5582850055719406,16.75507535773773,-5.646923655178818,44.7211135978245,Focused,0.8120887848797733
1784075096.4723861,0.4603962148298498,1.5555165876668728,20.002774391659194,9.137463461605705,11.718022394959206,Focused,0.8353338897168187
1784075096.8517616,0.47080290481527676,1.5544611706645048,24.555178245915794,23.84661566873299,-20.133807727782987,Focused,0.8706992106498637
1784075097.1609962,0.4711803711938078,1.550721030999631,27.691885271982738,37.890391043377996,-53.11302422568333,Focused,0.8840231892393023
1784075097.4591022,0.4726073029468402,1.544535128246626,30.252917243853023,51.40651158809967,-86.19036403336786,Focused,0.8906432106759716
1784075097.7377653,0.47256235934747465,1.5393927794176459,30.805859895097957,63.47547567052167,-118.15551509081759,Focused,0.8870478060973414
1784075098.03949,0.4798958016457311,1.5391576139094776,31.074881871940818,62.54130914352993,-118.42185517417829,Focused,0.9087987772071341
1784075098.3623223,0.4838101014198621,1.540869670768695,25.425351510142765,51.31860910376112,-120.86947933660909,Focused,0.8909328761297934
1784075098.650649,0.49003868334762907,1.5411042476935448,24.572539598409044,50.66752626209815,-122.02781040719299,Focused,0.9080774603204147
1784075098.9398515,0.491062310961272,1.5380467685501844,23.203132852920454,48.48091866536581,-123.95148579633296,Focused,0.8799452008071581
1784075099.2911816,0.49158324718500357,1.5366923226432765,25.67953186754729,61.8652348039259,-156.27395365898127,Focused,0.8886670020244747
1784075099.7492774,0.49257267083871337,1.5346301521194026,26.81812724098985,61.85908967369219,-155.43881373015086,Focused,0.896701161462981
1784075100.1252635,0.49611301320657536,1.5336205549182962,24.030891717098466,59.336773877936615,-158.0616256432748,Focused,0.8766506113876745
1784075100.5031857,0.509756390337069,1.5374040175018218,25.484746766318697,60.2352163166952,-156.43519178247502,Focused,0.928487435948566
1784075100.8818219,0.5236097339492104,1.5418080038028923,23.172255144119813,47.1428108395298,-124.01969852515678,Focused,0.9426400643503475
1784075101.2798111,0.5242538777013636,1.5424272680199735,22.377125750902636,46.87036406484001,-124.3823726399964,Focused,0.9446950364173453
1784075101.5950718,0.5180469579858518,1.5432162695379001,22.25314031456218,47.43856874530901,-123.83773345379045,Focused,0.9484673880228666
1784075102.1969326,0.5162984640772667,1.5466909281585042,27.246918222650645,58.083809255826736,-121.73125720648022,Focused,0.9493192066052363
1784075102.818948,0.5157636423090983,1.5488324530078796,27.350152484885182,58.11805958883904,-120.90492026041481,Focused,0.9515157792969705
1784075103.5866363,0.5170994700114229,1.5511348651992947,27.130592249152592,59.636300026864525,-119.94647634625508,Focused,0.9496700195284986
1784075104.5476289,0.5203978665399459,1.5593222146642698,26.969661191986653,59.824290314600375,-119.18735928731594,Focused,0.9383561290224658
1784075105.2548292,0.5301937308606319,1.5645723660791704,26.59485240883986,59.87741042237752,-119.11434072809209,Focused,0.9521108813632181
1784075105.7117684,0.5395388682469592,1.5724588787600697,29.30307034431968,62.63534883606271,-116.18785742094069,Focused,0.9574117539698777
1784075171.4229963,0.49659577546216144,1.4831396171727331,21.26488770375258,47.44730353813921,-116.50396745630576,Focused,0.9217353702095935
1784075201.389481,0.5096254442915886,1.5074176158041634,32.86315176423928,44.90997095400182,-126.75632475537823,Focused,0.7163754534863639
1784076050.515965,0.5080007668289571,1.5128375614794414,30.08080792702061,30.999393604556804,-92.90511789250107,Focused,0.9580651698536907
1784076050.7850869,0.5037196865819092,1.5137067971842875,26.550553342456112,16.445621394710905,-59.99362288368318,Focused,0.9509608172747788
1784076051.1066744,0.5069327359657396,1.5108002762927908,23.005610727879738,1.9819540874396793,-27.07996506241084,Focused,0.9473471374462581
1784076051.30594,0.5043249978780368,1.5101597002199847,19.5619726885846,-12.521122155668996,5.836400562722384,Focused,0.9435907506044422
1784076051.4966338,0.5082502250784598,1.5162646685999652,16.458946082375576,-27.027981301282676,38.74315997626667,Focused,0.9416095645074306
1784076051.701716,0.5112796855291808,1.5184365758578335,13.502014652061387,-41.605254577183224,71.50315322779,Focused,0.9469319063016959
1784076051.9058723,0.5124225885443148,1.525185974433349,9.584609679337479,-42.60638997990583,68.38222111065522,Focused,0.9450299234547577
1784076052.11399,0.5075464127717805,1.5269488456071458,5.001327408225023,-43.71725302144648,64.69530865585614,Focused,0.9293990312385592
1784076052.2997224,0.5414258348990072,1.6186594894645687,8.262115119383276,-43.769265671385185,96.16575477626252,Focused,0.9547721218801476
1784076052.4991205,0.5219254033755705,1.597526090430383,-4.162311486002317,-42.031216123225796,107.32881877559035,Focused,0.8875623208566764
1784076052.6999826,0.5288933245285177,1.6002675196592495,-3.820402062828749,-42.10329320575452,107.23126781681103,Focused,0.9004339891774836
1784076052.90413,0.538502687696006,1.604694046483226,-3.561969494096455,-42.09540883691703,106.91916145000934,Focused,0.9075270447412741
1784076053.113878,0.5407479067098777,1.6116217914473185,-3.197962265475532,-42.166089766601544,106.66437775111979,Focused,0.9085861491194791
1784076053.3071578,0.5481490855782856,1.6170060251319704,-2.932583704170871,-42.06933223120315,106.25362419758974,Focused,0.8949800293959981
1784076053.5360775,0.5462367538700604,1.6131343187999896,-2.8971828583927364,-42.02945408289611,106.1773908754997,Focused,0.9039172326939042
1784076053.8139658,0.5440024708873775,1.608418601962208,-2.9935544095325546,-41.8706948093336,105.92132619086189,Focused,0.893523537096191
1784076054.015844,0.5309913430329846,1.6025533196898138,-3.277845333410238,-56.01701293859296,141.14866025721957,Focused,0.8902489140183971
1784076054.2011127,0.511190387033302,1.5931039327900347,-3.7349741236661367,-70.0785109218863,176.34366700417462,Focused,0.8653788155246942
1784076054.4109185,0.5040406205910031,1.5887496165062935,-4.184642744344486,-70.02876759508969,176.73139245982472,Focused,0.8580766373018214
1784076054.610935,0.4945901750930175,1.583418614830677,-4.371504842225876,-70.05923755650312,176.89447723518066,Focused,0.8369048404868943
1784076054.816043,0.48598139980225374,1.5791621046854871,-4.586031423361612,-70.12315562186924,176.86164452838022,Focused,0.8463436071666858
1784076055.0165224,0.4802877214660163,1.5748915346688308,-4.7134177869703295,-70.15243240217578,177.03297804779223,Focused,0.8330512872917651
1784076055.211747,0.4804490952049855,1.5726504459628514,-4.949031373705428,-70.10693383043676,177.12713663273345,Focused,0.8292799336430114
1784076055.417855,0.47834499118545126,1.5733010196041854,-5.124828133235765,-70.12912905921243,177.24855581265587,Focused,0.809938326215309
1784076055.6117322,0.48002784354779077,1.577026021138559,-5.248270242482164,-70.02640494059295,177.06564667473668,Focused,0.7965805714304685
1784076055.799278,0.4782558410530717,1.5796289727950583,-5.31492953363546,-69.96712424367027,177.05325411372692,Focused,0.782798334852478
1784076055.9990752,0.48796890923170577,1.583140706869612,-5.1617184485291645,-69.80791718403835,176.76881622348162,Focused,0.8088902949789257
1784076056.2826526,0.5064686613907484,1.5915365825611616,-4.742265639683738,-69.73282854283278,176.54092781655254,Focused,0.8460325046042103
1784076056.5145285,0.5179561375060063,1.5976804574666823,-4.339477944189218,-69.60401434218065,176.22872801519176,Focused,0.8660674220419504
1784076056.6993377,0.5270118752444989,1.6030681566069511,-4.009933829771531,-69.50633024758477,175.89228338702821,Focused,0.8784099665171288
1784076056.9129953,0.5306798359630371,1.6058271736710914,-3.7501666081448,-69.34441397018385,175.55367891364207,Focused,0.8771059277496064
1784076057.100722,0.5304726620443201,1.6081790440282497,-4.282000850782012,-69.05658779392597,139.91801573095654,Focused,0.87877358543944
1784076057.2788851,0.5232386680375088,1.6071962598562894,-3.3495959965035773,-54.53391426570488,104.65942817941645,Focused,0.8697463145715559
1784076057.477938,0.5164448452265091,1.6039696996537125,-2.412656360052842,-40.0597698004551,69.57492378453722,Focused,0.8561778772229675
1784076057.677931,0.5144343466271187,1.602703412063136,-2.1087965847845505,-40.083616636959086,69.33925122930899,Focused,0.8591658973285761
1784076057.8937845,0.5147022735025419,1.600370663350714,-1.9148750818787004,-40.05878655166837,69.22452158955291,Focused,0.8540946902942383
1784076058.0872328,0.5124687973613126,1.5990596058158506,-1.6638272254750734,-40.02201569798065,68.99172422707584,Focused,0.8586091044637535
1784076058.2961433,0.5114353003171421,1.5980238717741129,-1.3844527857138103,-39.968188952805484,68.75120056273033,Focused,0.8439371788538775
1784076058.513764,0.5068963295352787,1.5963761774599008,-1.076977149113744,-39.90931486299358,68.51001466500611,Focused,0.8394886555828439
1784076058.7002869,0.50511900381767,1.5956738882028731,-0.7406433934952916,-39.8723218042098,68.24536641019543,Focused,0.8357604284409317
1784076058.913075,0.5050814834410962,1.5954789303200578,-0.431744668809422,-39.84736128774589,67.98682935595306,Focused,0.8410626167122708
1784076059.106764,0.5019458783988259,1.5955420071162743,1.4375071757681295,-25.597332951472765,68.70799211873381,Focused,0.8312812456751629
1784076059.2990158,0.5001643917228409,1.5957697185685173,1.9699847620526794,-25.557356982029965,69.10370952493602,Focused,0.8324786847319177
1784076059.5138927,0.49664391912079753,1.5961471621416194,2.429771411134858,-25.470612128490043,69.46838662882564,Focused,0.8219039140230617
1784076059.7151818,0.4900126752132353,1.5956041740724973,3.5457321873557204,-10.94934027272015,35.07345015701642,Focused,0.8071618090909729
1784076059.8991268,0.4643392640358421,1.591135565101386,4.58625513395553,3.4555818976512356,0.5867563088988561,Focused,0.7178627555516066
1784076060.1240897,0.45559895844822956,1.5917201623360855,5.119406706026849,12.673709599445857,-34.53076203124708,Focused,0.7084369971058211
1784076060.3163471,0.44531155117506416,1.589730725231113,7.270336867833936,26.455361412071245,-67.84909670374358,Focused,0.6903358667550695
1784076060.5026648,0.43717316213906326,1.5885051647973303,7.830314720524479,40.339107264331396,-102.19843080544054,Focused,0.6454639831142848
1784076060.706439,0.4297792673838642,1.5890148941880766,8.005059583723781,40.333102409122276,-102.31296065888756,Focused,0.6308675263651282
1784076060.907758,0.42544247927796874,1.5865029475579735,9.704860593516484,53.15434672875462,-136.15681572602807,Focused,0.6163155013406156
1784076061.1167946,0.4223939972072962,1.5836204029226135,9.868463722447753,40.24891432518953,-102.18415723550369,Focused,0.6204912837774353
1784076061.3034647,0.41932281383111203,1.5822076872847637,9.90366304246734,27.25954737834786,-68.38735160111355,Focused,0.6361143995166965
1784076061.4986727,0.42495441936699463,1.5846613973468595,9.200708415180394,12.808949905331591,-34.33812221488997,Focused,0.6938302160168787
1784076106.0242963,0.4072506320310755,1.5007958731432605,0.963364973127554,13.04744924734957,-6.163968591020503,Not Focused,0.6759336476796364
1784076161.8201184,0.5226885401410832,1.5024626961729055,-22.070996692054084,74.70430484595991,167.24954555475708,P1:Focused,0.5209808504373746
1784076162.1057568,0.4894963465472099,1.5517400670533426,-18.546507121983698,73.91285755942886,169.54697805145398,P1:Not Focused,0.5093698773049342
1784076162.3124588,0.4705493919625235,1.5630490687664313,-16.780059443948243,73.50722433649503,170.69257451963622,P1:Not Focused,0.577218362411986
1784076162.52442,0.46962254149813387,1.5666529155802729,-15.602485522133488,73.21415920928895,171.76191309875486,P1:Not Focused,0.6026466903196683
1784076162.7194304,0.4712298937074027,1.5718644025890505,-14.595502864259107,72.93358918302013,172.64516747693256,P1:Not Focused,0.5933216348996502
1784076162.9242048,0.4025589659771456,1.558925631305369,-13.705679121779133,72.42760106470895,173.51765945617092,P1:Not Focused,0.7665017463702837
1784076163.1212869,0.42225284966218474,1.5670275773593154,-12.777142314555169,72.06752792903721,174.33453065219422,P1:Not Focused,0.686759943451603
1784076163.3105857,0.4312952798403349,1.5678207475242474,-11.974825826182656,71.81153346644176,130.05962440565602,P1:Not Focused,0.615649325447897
1784076163.5334532,0.4394922746599695,1.5703449638148421,-11.212926561288073,71.61085664027424,95.79009546263259,P1:Not Focused,0.5512604829469938
1784076163.8106534,0.40480783332301423,1.5626583423634492,-10.571195589494767,71.27799952764789,68.53676580079495,P1:Not Focused,0.6352379917145216
1784076164.0365503,0.4024659858162202,1.5746111021911324,-8.81029205853027,70.61356626017759,34.20002575226704,P1:Not Focused,0.5905544204209799
1784076164.3355944,0.4129293555693592,1.578377075987849,-7.765515101663757,69.88822095545756,-0.5169159362002574,P1:Not Focused,0.5457455685623579
1784076164.5241816,0.42417307188518516,1.585211071149677,-7.017943093510695,69.09731608612321,-35.36600267814517,P1:Focused,0.5340226255777596
1784076164.724927,0.43124887323960087,1.59329855211397,-6.392307774529328,68.34490954683733,-70.3947297600428,P1:Focused,0.5698596663243817
1784076164.9100935,0.4374627014948288,1.6000294691003325,-6.009098503135823,67.60986982662357,-105.56074688765659,P1:Focused,0.6173978481441541
1784076165.112499,0.4866981788118581,1.6145080896417454,-5.757548053495383,67.05392335344706,-140.92251171276678,P1:Focused,0.7650868239257664
1784076165.3169482,0.4855013186120126,1.6145067222341722,-5.705619451778213,66.63377739793681,-176.53278852210659,P1:Focused,0.7507931383548601
1784076165.5071137,0.4870325942901087,1.6129830837089412,-5.72622035583732,66.23997266253741,-176.40001235341418,P1:Focused,0.7515492941202501
1784076165.7295592,0.48680020057925794,1.61123724146547,-5.887121510918741,65.90996876980793,-176.46803020866963,P1:Focused,0.7579255305501136
1784076165.9180264,0.5289804683320717,1.618989337091524,-6.064702314414067,65.77832289114357,-176.73741882753143,P1:Focused,0.8494399455687792
1784076166.1082602,0.5310449731288921,1.6120152964097756,-6.416891819569971,65.73308810792219,-141.18857481893275,P1:Focused,0.8500689653320819
1784076166.319277,0.5267973334071554,1.6042985812831994,-6.783905444233767,65.94049722354134,-105.75767669479585,P1:Focused,0.8331257342961752
1784076166.537267,0.5248863682787015,1.595231080647064,-7.114323578531301,66.24617864094724,-70.37563806404167,P1:Focused,0.8150323763894225
1784076166.7190497,0.5234661597404136,1.586600381745514,-7.405413243545195,66.55848322658102,-35.00995039410715,P1:Focused,0.7975082903759194
1784076166.9343247,0.5209969609912577,1.5775274049912518,-7.56208039329987,66.88163773473521,0.397353556624185,P1:Focused,0.7869104356465638
1784076167.21017,0.5151705935254155,1.5693050999250284,-7.856508311399712,67.24962547414214,35.71939298864838,P1:Focused,0.7736135011790339
1784076167.4171288,0.5032843561092284,1.5557008973044715,-8.265655983747541,67.73236840034343,71.16040692694882,P1:Focused,0.7492995887341425
1784076167.619629,0.48085962169135354,1.548477618784634,-8.690756488171761,68.23719438809314,106.64100523789796,P1:Focused,0.6839874277033459
1784076167.8130274,0.4638957172356849,1.5409075937523948,-9.331236774442644,68.7786835819627,141.96126223167147,P1:Focused,0.588774816055943
1784076168.0170946,0.4501035558980826,1.5364428287508916,-10.626149439081235,69.45137761579309,176.67678176191674,P1:Focused,0.5009747811332755
1784076168.2176833,0.44485402883850733,1.5334315780975476,-12.711967061002186,54.561882559743154,142.87374494532588,P1:Not Focused,0.5555852550513203
1784076168.4190776,0.4411713849145354,1.5274248727870259,-14.566745738469445,39.66135436091046,108.84597096125165,P1:Not Focused,0.5713939766361
1784076168.6156573,0.4265245409208441,1.5190829727648565,-16.198491556493217,24.80949290241701,74.98758110938414,P1:Not Focused,0.5789436289871519
1784076168.820708,0.40411765061659216,1.509202099635335,-17.39815106977921,25.491772325526746,74.37695270242484,P1:Not Focused,0.6529188345183757
1784076169.0215034,0.37774174846918185,1.5000580287724206,-18.647442915354524,26.269775368660696,73.96305311654024,P1:Not Focused,0.7143146031334418
1784076169.2204409,0.3637946174213283,1.4963926772523173,-19.723682788671702,27.049260496279476,73.37231959779156,P1:Not Focused,0.7840120602909073
1784076169.413514,0.35654324137562715,1.50098547238494,-20.51958171128737,27.484128178813233,72.86772641980568,P1:Not Focused,0.8023908412480562
1784076169.6160605,0.3700574134298419,1.5130840556662843,-21.049717875619866,27.74666355582216,72.63787266173527,P1:Not Focused,0.7865873722626082
1784076169.8224475,0.33908494408338186,1.5163707302352614,-20.97643846567881,27.646442598107647,72.90650486067388,P1:Not Focused,0.8131675275538026
1784076170.0203302,0.3458414677796422,1.5243021347769097,-20.15144807049435,27.43831650001575,73.9976391956664,P1:Not Focused,0.8033752360511255
1784076170.2209983,0.34579621347157874,1.5304841408973215,-18.433674812988833,42.65048227155404,107.75017367316079,P1:Not Focused,0.8296202389072922
1784076170.4174204,0.3415416909465253,1.5314611215118599,-16.97457359302126,57.968029898382156,141.71442941014632,P1:Not Focused,0.8495455960019935
1784076170.622802,0.34490646761096494,1.5339741255944195,-15.57823201066888,73.29121838553472,175.56827540775743,P1:Not Focused,0.8540627753664151
1784076170.8157003,0.35061961078031284,1.5334955274975033,-14.77565214016857,73.09417644867999,175.97873970624025,P1:Not Focused,0.8318382940207895
1784076171.0333755,0.35474931583862573,1.5303999668186457,-13.976291572096068,72.8362124031077,176.1388979821067,P1:Not Focused,0.8122124905861978
1784076171.2154691,0.33230831558650653,1.522035838323696,-13.248879801351345,72.47406718721075,176.61631418343697,P1:Not Focused,0.8554015084079382
1784076171.4097335,0.3028861633682005,1.5146379290468723,-12.695318178368854,72.14994812485114,176.99815443073425,P1:Not Focused,0.8951538531470716
1784076171.6121106,0.30152695595944257,1.50586302491746,-12.310690820029404,72.02541108257066,177.30647735255292,P1:Not Focused,0.8960953243690811
1784076171.8137233,0.34298171294505453,1.5067345423313565,-12.211125099553092,72.11722807450163,177.39020823184734,P1:Not Focused,0.8257024036776214
1784076172.0209517,0.3399012415327131,1.4973214526730492,-12.161149840789644,72.16024527716534,177.32320454808922,P1:Not Focused,0.8244577335815542
1784076172.2107565,0.33671048435023676,1.4897469355917725,-12.089676715443428,72.26801801417382,177.22397180093952,P1:Not Focused,0.8299739366813159
1784076172.4120343,0.338206577358218,1.4914868111951232,-11.88314368091039,72.24601380489685,177.19453053185782,P1:Not Focused,0.8254789498456534
1784076172.6156769,0.34367608034557556,1.4962014447139267,-11.608788721776362,72.201152142532,177.12746873715008,P1:Not Focused,0.8384085952095199
1784076172.8100376,0.3189115662891208,1.501191555520101,-10.721806392281092,57.13646700635253,177.23866551198998,P1:Not Focused,0.8586849840441639
1784076173.0307572,0.33711696914568334,1.5132415335009974,-9.669298228575473,42.03195100177788,177.18075468714795,P1:Not Focused,0.7998922724726176
1784076173.218883,0.3714790911081041,1.5261100777396142,-8.336401302318796,27.038853346903345,176.91460489128744,P1:Not Focused,0.674130523785137
1784076173.5242314,0.41991162437509766,1.5367451740429374,-7.087360776861123,12.183094362259085,176.640767338323,P1:Focused,0.5313354487210493
1784076173.7348511,0.43422437242868667,1.5413936223297946,-6.131330649134194,-2.704417099241536,176.6345612956421,P1:Focused,0.5665238387076802
1784076174.0388064,0.44393711580732165,1.5417422816619952,-5.170869829310246,-17.66043646470495,176.50492780831084,P1:Focused,0.6414115311176404
1784076174.3119981,0.45663720679704667,1.5469746207959794,-4.434611393754986,-32.584017064936596,176.47872707690792,P1:Focused,0.7062044037715071
1784076174.514269,0.46813569658026866,1.5535979242165876,-3.7370032551196637,-47.49941188774742,176.47641882371428,P1:Focused,0.7764151623801568
1784076174.7056756,0.47624899535286946,1.5566548497978907,-3.1566017677567766,-62.36171296124022,176.44973386170903,P1:Focused,0.8149916529533241
1784076174.9092205,0.4830973400946326,1.5569707342896344,-2.7734834515639175,-77.23866492294641,176.5117456716113,P1:Focused,0.8490485745145259
1784076175.1101253,0.5038557329502109,1.5620745804409335,-2.7342872929249085,-77.05388851409155,176.40858392241705,P1:Focused,0.9031250476829746
1784076175.3132508,0.5064109352562464,1.5616892473591744,-2.9743353918440425,-76.90605888381144,176.65308339151775,P1:Focused,0.885894302297703
1784076175.5157654,0.5134623976334337,1.5625396556482756,-3.4889799102171195,-76.80612877081101,177.0530853883717,P1:Focused,0.891954751372914
1784076175.7020671,0.5141622461219677,1.563204500257577,-4.017381227336067,-76.78044302619612,177.52187160900365,P1:Focused,0.887063400181783
1784076175.915475,0.5108835077627295,1.562386119888639,-4.30146633191911,-76.83410464172178,177.60667164559857,P1:Focused,0.8829719477771788
1784076176.1292844,0.510393808513793,1.5640633639024475,-4.784581425909716,-76.79957822387843,177.84064076021235,P1:Focused,0.8813292669091864
1784076176.4189255,0.5080241196904713,1.562578155158076,-5.12257073164149,-76.82680966159678,177.99294109093444,P1:Focused,0.8762224530226779
1784076176.6210487,0.5051967536894619,1.5598693231391578,-5.397592595679474,-76.84725557025868,178.12571062674803,P1:Focused,0.8693583436522946
1784076176.8191168,0.5034851266801226,1.5595473340016563,-5.627472733120734,-76.90522952571938,178.24925130175046,P1:Focused,0.8676585421917891
1784076177.1622453,0.5004607649756105,1.5590817808994974,-5.88823922251409,-76.97327517515217,178.40508969365746,P1:Focused,0.8681519293262518
1784076177.4345496,0.5206894341927172,1.5573084525265624,-6.328221918432051,-77.12320252856489,178.74207471918405,P1:Focused,0.8958830572306096
1784076177.735071,0.4920833659778305,1.5561264458196873,-6.705774716440464,-77.0712301722405,142.976261199581,P1:Focused,0.8658691809108142
1784076178.0427282,0.4840596676559761,1.560043968086206,-6.367987788232365,-62.30245490202539,107.37750212232122,P1:Focused,0.8485550015461408
1784076178.319604,0.48209611810747877,1.564925575737964,-5.602183095932443,-47.689080466526306,72.12356750006902,P1:Focused,0.8563961144906169
1784076178.5231855,0.47936897222728847,1.5684846472458842,0.7822104736982766,-45.831579460605425,67.6735860601947,P1:Focused,0.8866510564968333
1784076178.7301536,0.4835657123101164,1.5720563128406273,2.726411329742613,-45.75318761521804,66.33463299008572,P1:Focused,0.903889594404366
1784076178.920421,0.4883770160312406,1.575923546349261,4.374038121241601,-45.55387722275472,65.18649853139374,P1:Focused,0.9078384758990177
1784076179.1413937,0.4936713477693833,1.5801402292074254,4.444850987399397,-31.031390380412564,65.24621834995403,P1:Focused,0.8942192044218149
1784076179.4142637,0.5003998753887965,1.5830763045595675,5.848067564338379,-30.022112772823682,64.49164203395921,P1:Focused,0.9137438034197893
1784076179.6554816,0.503866052302899,1.5863455143536098,6.586269354020241,-29.771326664757396,64.06594195330153,P1:Focused,0.91300419341916
1784076179.9331884,0.5021668963845818,1.5919282650004394,6.406433399836755,-29.705321043604506,28.530195168145475,P1:Focused,0.9167895694157044
1784076180.2180207,0.5232108496004215,1.5896498415637175,5.390089256636335,-14.766422697622323,63.27092165336785,P1:Focused,0.9220684181642302
1784076180.4377193,0.5241137223866733,1.5834757644253477,3.6174922199095496,-14.431802218016148,97.77060819519804,P1:Focused,0.9100326250028702
1784076180.7457309,0.5240955982043813,1.578371353814682,2.0785208025266533,-29.103390161364302,98.03741221351436,P1:Focused,0.907327300658188
1784076181.0294876,0.5271425104424249,1.5761038793730469,-5.056153754649349,-30.89598114743756,67.39446121844364,P1:Focused,0.8793819943699498
1784076181.3112352,0.5201737551785661,1.5756586755410473,-7.484867313199811,-30.83325723399226,33.399417031795466,P1:Focused,0.8662912367072646
1784076181.5190594,0.5050670094704833,1.5754632362733174,-9.464808588064866,-30.865636152559,-0.9794257841421284,P1:Focused,0.8340029731916513
1784076181.729375,0.49553615912376064,1.5718997987853958,-9.760045591342609,-45.33758966475981,-36.56051187994617,P1:Focused,0.8318127511156781
1784076181.9773564,0.4804949337012568,1.5667714661442478,-11.416755036915497,-46.33462540692518,-71.23763437741584,P1:Focused,0.7758575514112531
1784076182.2162642,0.4694459202177332,1.5608110317085402,-12.255724013402224,-46.586484864451954,-106.38996466402682,P1:Focused,0.757356803425039
1784076182.4236739,0.46070819758617504,1.5520398526069266,-12.249630911486353,-46.653787707986325,-106.32592241538381,P1:Focused,0.7286677203945534
1784076182.6201997,0.47425165935717234,1.561563801727868,-12.007426440055832,-46.528140049966716,-106.20780298046529,P1:Focused,0.7790203322528947
1784076182.8315206,0.4835874825944474,1.5678212007004002,-11.767941486437678,-46.509440555486556,-106.03474214812968,P1:Focused,0.8124576373407385
1784076183.132605,0.48878362055790764,1.5705952554430547,-11.626946764440012,-46.54545604474034,-106.0988186270107,P1:Focused,0.8240536121239337
1784076183.4188542,0.4922367465826901,1.5693250502912097,-11.451808606339949,-46.606660199504915,-106.09548226109146,P1:Focused,0.8212350857276418
1784076183.6180477,0.4972037618177465,1.5670200936827814,-11.39456147348726,-46.729501987631174,-106.0055703105572,P1:Focused,0.8420133816553163
1784076183.8162644,0.5118165677679145,1.565446538006647,-11.521304884551565,-46.849266529358225,-105.72984337496264,P1:Focused,0.8614582842682185
1784076184.039189,0.5199199460910303,1.5666467875947963,-11.752500086302447,-46.84457626285268,-105.46055386851333,P1:Focused,0.8751573273995571
1784076184.229325,0.5310342118507527,1.5696217293800943,-11.921702092899102,-46.839056416790704,-105.35031711972252,P1:Focused,0.8933032351924871
1784076184.4236002,0.5413321594331728,1.5735946813714237,-12.19881566922223,-46.79571797462903,-105.16056254744282,P1:Focused,0.9010991380555071
1784076184.690013,0.5543770522550677,1.5787267984162274,-12.490894542056996,-46.76785678870134,-105.00629624774668,P1:Focused,0.9163448304520116
1784076184.951446,0.5512233011060612,1.5743257997133864,-12.552953743792767,-62.04021871750507,-138.74291463259073,P1:Focused,0.9282000900099219
1784076185.2537014,0.5487110378085494,1.5716012136246507,-12.530090540529631,-77.30015915599999,-172.4151760506538,P1:Focused,0.9371300360351824
1784076185.5434985,0.5419244882805112,1.571154567661199,-12.000664693899589,-77.2970259760768,-172.8192439375225,P1:Focused,0.9342851148145526
1784076185.7251859,0.5369910214454146,1.5732444306954563,-11.323334778220831,-62.51151335054827,-137.53423278248277,P1:Focused,0.9222601816761217
1784076186.045211,0.5308260340278514,1.5728740212560257,-9.480957835164048,-62.56704847931121,-103.03922739361542,P1:Focused,0.9292104551024091
1784076186.3701313,0.522861024207333,1.5728405153604161,-7.023929754540498,-62.5370834381235,-69.07217869601979,P1:Focused,0.931922898100511
1784076186.6151528,0.5146830012327881,1.5720353588900322,-5.687071265249607,-48.23430646961644,-69.0294541858499,P1:Focused,0.914786969843121
1784076186.8307726,0.5096031713508944,1.5726125169930745,-4.356695099694287,-33.88882406763234,-68.91364208335183,P1:Focused,0.9130742398110493
1784076187.123466,0.5086364652707669,1.5751197821013636,-2.896143485701833,-19.679704520986718,-68.67433672707668,P1:Focused,0.8940493436269974
1784076187.339603,0.5077914593401571,1.5772379116041964,0.548546723202621,-19.565069744395217,-35.40745574898106,P1:Focused,0.9126169028798222
1784076187.6567307,0.5058026845755644,1.5764424324851107,5.416323331732346,-19.27572930944321,-3.333273247844801,P1:Focused,0.9354243324034788
1784076187.9397917,0.5055733328660248,1.575125026660978,10.366715483902079,-18.984323801483278,28.69996080445095,P1:Focused,0.9453192253118451
1784076188.2640126,0.5090568372275864,1.573080302091668,14.202042519624069,-18.736677534243228,61.67722266758731,P1:Focused,0.9564162353399773
1784076188.5392349,0.5080317719243675,1.5721352668072568,15.001695195074953,-19.68310046475794,26.874932066411468,P1:Focused,0.9614291690536124
1784076188.849108,0.5084936288949037,1.5729276265763483,14.609665455766697,-5.717600632242591,-7.087520654995404,P1:Focused,0.9600557021477254
1784076189.1432624,0.5096699978843764,1.5730222127426994,13.563462475922702,8.362824946949953,-40.78290064683809,P1:Focused,0.9505376365770855
1784076189.4367292,0.5116620138457407,1.5767633524198483,15.234406632062672,-5.976326511699243,-7.260076757396888,P1:Focused,0.9602564178511303
1784076189.7656686,0.5124053699704715,1.5778341426817977,15.841010251906656,-20.24410562731302,27.181290919144196,P1:Focused,0.9616640467208694
1784076190.0549347,0.502402135929779,1.5765072192569594,15.211505707777064,-19.931189232810123,26.692312604360268,P1:Focused,0.9487283768388154
1784076190.3666844,0.48776340677251284,1.571938109395851,12.256869454002402,-5.340814212303502,28.613965667766507,P1:Focused,0.8974962463085997
1784076190.659209,0.4773975960611668,1.5715169268031777,7.922471688090084,-5.232884515577131,-4.1153038486394085,P1:Focused,0.8426094492146191
1784076191.0065925,0.4586390022221686,1.572821706270664,3.6295719769985113,-5.027742662203468,-36.97703360199044,P1:Focused,0.791052156327444
1784076191.3986037,0.43904435662825925,1.574330591925749,-0.7949089427215135,-4.762699406093491,-69.96340085027639,P1:Focused,0.6696637521171792
1784076192.1199856,0.43117943440119344,1.5766499505957001,-1.5596229275717304,-18.147276277946425,-35.53748347188494,P1:Focused,0.602038341962371
1784076193.0790827,0.42740289738798476,1.575384961567185,-2.2107250655516504,-31.65191698551947,-1.1613110238042907,P1:Focused,0.6773079830906914
1784076194.109074,0.41806361028732564,1.5740017487109994,-2.507573805197568,-44.30204776646856,33.0159559920735,P1:Focused,0.6540661281968986
1784076195.1275818,0.4141234743552751,1.5695358861599045,-3.817060599168633,-43.80796442718011,33.489639492491236,P1:Focused,0.6455685925687606
1784076196.1960604,0.4087187443854769,1.5655961635986144,-4.186059284176013,-43.50974718933283,33.23576976618021,P1:Focused,0.6685052755344384
1784076197.1634204,0.41506866308330476,1.5649857726779832,-3.396431463578625,-57.66278086921211,67.65564196166312,P1:Focused,0.7057983480661213
1784076197.845991,0.41304472059953146,1.565643960050751,-3.2157173363645497,-57.780120236284304,67.61974932356813,P1:Focused,0.6935249813538533
1784076198.1395266,0.4124381518632398,1.5655453365273293,-0.9863265610979136,-57.401454595839674,101.296335591403,P1:Focused,0.708396396462757
1784076198.3190978,0.420752952665896,1.563922361324134,1.38868248706367,-57.026732644938555,134.87574725058,P1:Focused,0.7265333581359876
1784076198.5314813,0.43107416789826447,1.564524446379264,4.523695081015572,-42.83519320036252,136.06881262435047,P1:Focused,0.7485596640274436
1784076198.7211273,0.43540137012776103,1.5615065308794724,7.033158911771443,-28.674902390489866,102.04699005855909,P1:Focused,0.7965227191902636
1784076198.9574084,0.43418390602979934,1.5609566334506948,9.481866155125049,-14.401288796120998,68.18088692383796,P1:Focused,0.7910676146158587
1784076199.214593,0.4383019249467237,1.5615069322623563,11.490933719684003,-1.1600792946692693,34.66870570507058,P1:Focused,0.8081819297167072
1784076199.41402,0.43836085404035874,1.562516628562817,12.964508588583323,13.090739352014598,1.6190250497998278,P1:Focused,0.8042186905215686
1784076199.617345,0.4415744269335035,1.565168309969699,14.263259173661826,27.432692574445365,-31.8113050216627,P1:Focused,0.7872664126769809
1784076199.8244429,0.4422790785534465,1.5625781238915182,15.430334954564206,41.62354188777102,-65.39101442417115,P1:Focused,0.7950145647764199
1784076200.0278647,0.45583650764007944,1.563690919829316,17.621255502804612,41.80196499619619,-99.87653779083837,P1:Focused,0.8431899342512331
1784076200.2252376,0.4666530504543508,1.5634921018377244,18.249137248022762,41.71886448031116,-100.3217451708681,P1:Focused,0.8764740358416897
1784076200.5091379,0.47503877744693535,1.5659998013594034,17.562372951989698,55.40317396469006,-133.4378315598842,P1:Focused,0.9007659192896751
1784076200.714086,0.4832821145751134,1.5688745837731952,16.11294009305169,55.10222273394284,-134.21635802503025,P1:Focused,0.9052945429700393
1784076200.9147222,0.48738188815720573,1.5733668959563907,14.38554157294143,54.797290572459566,-135.03334764618265,P1:Focused,0.9070907516889675
1784076201.1199546,0.4916689514920585,1.5783616799879263,12.630817953911476,54.458495084109494,-135.91069131426542,P1:Focused,0.9058237223076382
1784076201.320622,0.49646608705288353,1.582666579879111,10.962390069286768,54.07406415937155,-136.77800378817383,P1:Focused,0.9037257096597074
1784076201.5249503,0.4986356553503713,1.5858325804674815,9.14490912083791,53.66632957984471,-137.78982445667094,P1:Focused,0.9012450589801028
1784076201.7118864,0.49777162698880656,1.5883269382856209,7.597793106535531,53.29147465034006,-138.57719812596025,P1:Focused,0.8930358148346172
1784076201.9264228,0.4948771226942347,1.5934949120848099,6.177979463479888,53.05453745084395,-139.0983910431667,P1:Focused,0.8776532135289601
1784076202.1223147,0.49606810164281356,1.5953173368978988,4.835245616317925,52.67021802975264,-139.75261940803037,P1:Focused,0.905719811406541
1784076202.3337932,0.49485514878911313,1.5990969615780777,3.615009557287526,66.56674471662106,-172.66307166784696,P1:Focused,0.8751246136921945
1784076202.515083,0.49001208493753223,1.5968613982043434,3.7279912673098536,66.72656688009987,-172.50909800778277,P1:Focused,0.8342934420223026
1784076202.71211,0.48694895797341786,1.597572391319453,4.870692413224539,52.77957791487664,-139.2825261125407,P1:Focused,0.7827479843880252
1784076202.9214516,0.49056859059263286,1.5967601938811966,5.071391235277295,53.072152414642495,-139.20351905774277,P1:Focused,0.8201489365759368
1784076203.2431633,0.49393201916383356,1.5921562545492687,5.200828339721499,39.13862945792216,-104.86073208507432,P1:Focused,0.8571729686677264
1784076203.5062528,0.49777278295521477,1.5898739543619766,4.425012814550253,39.36817677971048,-105.51711400616416,P1:Focused,0.8804208570472537
1784076203.7047327,0.5031906211392443,1.5878059391971644,3.758453317365773,39.61595058101815,-106.12652706663971,P1:Focused,0.8751680043311189
1784076203.9286892,0.5099952797227802,1.5870249507092968,3.5080218401693535,25.37170154754693,-71.18552859029069,P1:Focused,0.8889653097396681
1784076204.129864,0.5148811915336783,1.585023011640448,3.5273798691544878,11.154631847628623,-36.56526065384679,P1:Focused,0.9192533355852256
1784076204.3080459,0.5168520918315757,1.5839796700030042,3.5417584347742506,-3.033683715416238,-1.9862694902503706,P1:Focused,0.9164486816179443
1784076204.5357506,0.5202841797249989,1.5808971888171424,3.450826337724023,-17.303569554297034,32.34301064438433,P1:Focused,0.9276031092149428
1784076204.8625197,0.5247021933867089,1.5814954378348234,3.2799685226430393,-31.74346347913364,66.35194327400208,P1:Focused,0.9381013053959365
1784076205.1297078,0.5282567806157832,1.5750788929372495,2.246506251788307,-31.951785292969284,67.39909915833472,P1:Focused,0.936874810802579
1784076205.3189502,0.5241540847992406,1.5734653800586034,4.189080374746728,-32.89919361733118,68.69799098681476,P1:Focused,0.9422990221094103
1784076205.5374377,0.524080363277648,1.5750451363742135,4.218017974267548,-33.149622912734436,68.50211539217808,P1:Focused,0.9412720226336101
1784076205.73084,0.5214278764194733,1.5736344188845883,5.162980372112759,-47.512591443728056,103.4170109209862,P1:Focused,0.9473299723915367
1784076205.927534,0.517892458004239,1.5730786779709356,5.941768471261314,-61.866318531859896,138.49340016213208,P1:Focused,0.9514319256234781
1784076206.117931,0.5149341565934173,1.5704763791240224,5.899848142590348,-61.6757923718533,138.31127627036494,P1:Focused,0.9439432742055416
1784076206.3181221,0.5125949512047774,1.5673577211413572,4.840091640758258,-61.42041495088664,139.02505234959438,P1:Focused,0.9311234112061009
1784076206.5251455,0.5117226441313972,1.5684281034292207,3.3622709428568065,-61.09801209962673,104.01108540766579,P1:Focused,0.9277135825636127
1784076206.7231286,0.48699030734653037,1.5624346350370009,1.3344540136614509,-60.84143943878672,69.0599109810668,P1:Focused,0.9157366043658094
1784076206.9191093,0.48417714318368327,1.5636899048125246,-1.1287100884320018,-60.836446866634745,34.33367209811371,P1:Focused,0.9025469458716764
1784076207.124698,0.4812411215464394,1.5710356513728978,-3.674761876238075,-61.0183043822139,-0.09677604075582451,P1:Focused,0.8857357629062533
1784076207.3211877,0.4807279391830982,1.569739901004041,-7.955988769766458,-74.7011484082262,-1.8189797975495623,P1:Focused,0.9451677093466581
1784076207.510594,0.47607177732339795,1.5732517059351396,-10.135839778513326,-75.04129778984043,-36.39151408705741,P1:Focused,0.9355335715973039
1784076207.7174766,0.4777000106189452,1.5778784719390346,-11.795195488600445,-75.54104944256791,-71.18263336624827,P1:Focused,0.9330321137894665
1784076207.9182212,0.47600078166734666,1.5791660584865606,-13.264504104848218,-76.04552225897565,-106.1061566324269,P1:Focused,0.9326534938337478
1784076208.1163957,0.4729853449303249,1.582111877590083,-14.254702509770496,-76.594767447725,-141.4458127225442,P1:Focused,0.9199043815693407
1784076208.317466,0.4718054034617568,1.585282009400557,-14.492348784147254,-77.22453895398178,-177.3900005853306,P1:Focused,0.9217546010499091
1784076208.5228555,0.469385572549298,1.5852268459016514,-14.379881016922766,-77.98343139088239,-177.50797890750906,P1:Focused,0.9221632583182121
1784076208.7057407,0.4933638329296465,1.5946176154342624,-13.768909546128487,-78.69418676830256,-177.6258357024389,P1:Focused,0.9402983926452618
1784076208.9122193,0.4659412595992696,1.5916694910051004,-12.880814240147624,-79.07006920818904,-141.9027848565165,P1:Focused,0.9081915177052704
1784076209.1098478,0.4239602230484337,1.5796285370717702,-11.726267653809096,-79.07213290097299,-106.55094461407036,P1:Focused,0.8150391216931964
1784076209.3163247,0.432932569129543,1.5804199513457946,-11.152864664576729,-78.79891622649971,-106.7226774376697,P1:Focused,0.7593372293112148
1784076209.5195355,0.447876423250282,1.5785392777342708,-11.456768953184163,-78.36446894251671,-106.4890518914553,P1:Focused,0.8015460239411792
1784076209.717626,0.4612760960557952,1.5755809125241629,-12.596522407998657,-77.83134303569089,-105.57441837283542,P1:Focused,0.8425537617233791
1784076209.9232254,0.45988287523120086,1.5805434539928611,-15.041210039565533,-77.52347382228875,-103.20834124384173,P1:Focused,0.8349954496096885
1784076210.112258,0.42517391510321234,1.5856653696756589,-15.212876045498993,-62.74260800082592,-67.87511873568269,P1:Focused,0.7684621045031793
1784076210.3033285,0.4063946529845417,1.5794535436012143,-15.099492972982485,-47.90564131714797,-32.0963309976362,P1:Focused,0.6586641146900888
1784076210.5068772,0.38001473062338226,1.5849429971200715,-14.613334608574599,-47.18455260543391,-32.15222725055263,P1:Focused,0.5234365255399336
1784076210.7204883,0.34556298593048734,1.5783506334368367,-13.047700193269254,-46.089255454021426,2.0764293260379274,P1:Not Focused,0.6444239488156323
1784076210.9220307,0.3611949491331492,1.565907775194265,-11.763276483393494,-44.9091267910084,0.32188328293597407,P1:Not Focused,0.5913399897145679
1784076211.108079,0.39517409033452844,1.5578467944943473,-10.69227340025994,-43.97287588245082,-1.2975259780423385,P1:Focused,0.583247301750456
1784076211.3138692,0.37935176789502345,1.5442010521596274,-9.177313937307854,-43.4016966453658,32.73773461075653,P1:Focused,0.5402305676772898
1784076211.5069306,0.35974873117976647,1.5288036979916417,-6.8112369706175615,-42.790645519129,66.30984071701094,P1:Focused,0.5057837743441919
1784076211.7263336,0.30568382824930734,1.5086231546626787,-3.902907383202198,-42.11959095865181,99.41145137294723,P1:Not Focused,0.709148875043358
1784076211.9240613,0.3010136891189038,1.4933839465455212,-2.4738151141499376,-34.45014890671244,132.53029976432884,P1:Not Focused,0.6494267398209201
1784076212.10643,0.33052808986555515,1.474584411397485,-0.07830123313965612,-48.21886582935124,131.0479005275036,P1:Focused,0.5130292370053404
1784076212.31724,0.3402300814734424,1.4714934226334921,2.0841323262188847,-62.07232488615939,129.13178914177453,P1:Focused,0.613315258186065
1784076212.513832,0.3517272754790039,1.4544357371207006,4.0882655902945055,-61.798814842264925,162.93420862924705,P1:Focused,0.6509883023907518
1784076212.7107005,0.3729614870079024,1.4460546565369388,4.924775005340797,-61.97647268567731,162.56671607558778,P1:Focused,0.7344240516552997
1784076212.9165943,0.3705760641202647,1.4491457726295092,5.956377700377276,-62.23556892333295,162.27627213457518,P1:Focused,0.7527465465685467
1784076213.115957,0.3688678544474303,1.4509374832313704,7.1269587314611895,-62.43560646536147,161.91279039489766,P1:Focused,0.7615879424961102
1784076213.3130653,0.3583802216171033,1.4526922292139413,8.127012412940108,-62.45925658026705,161.6489840504331,P1:Focused,0.7048783274529377
1784076213.5146813,0.3585702010895381,1.4540981787424037,9.195215459645903,-62.57288121731824,161.3280186683275,P1:Focused,0.7525266417999558
1784076213.7039282,0.38843239470368485,1.4603044871935882,10.077802929988438,-62.690491559510654,160.98357654433173,P1:Focused,0.8305378055777644
1784076213.9144855,0.3866424991799916,1.4579820549059364,13.649083419996604,-69.590470641012,159.26576008996193,P1:Focused,0.8607836219730207
1784076214.1121087,0.38730312912009984,1.4587085390168464,13.902616882806404,-69.57424927149876,159.26889837776744,P1:Focused,0.8491584873472603
1784076214.301213,0.39377689993008597,1.458881583517909,14.037423750915272,-69.52483630406702,159.3844592298646,P1:Focused,0.8668105074131589
1784076214.5281951,0.4028539969848275,1.4604528389590583,14.124054779026233,-69.5279302869159,159.47317165712295,P1:Focused,0.8865346276390297
1784076214.716607,0.40287106910016196,1.4624957584434017,14.104312060251269,-69.39779695755416,159.52889267973302,P1:Focused,0.8727060246682754
1784076214.9154646,0.39518926406109584,1.466517387829588,11.40568990133865,-61.20464069686716,125.62270646882098,P1:Focused,0.8163106752720231
1784076215.1098995,0.366557731576121,1.4649780550065579,10.21578414841173,-61.07203276658987,126.76569314228705,P1:Focused,0.6735988726082267
1784076215.3153079,0.35543746139924526,1.465371371873201,8.796157747301981,-61.047007200636074,127.81442675838147,P1:Focused,0.5964768162736729
1784076215.5107937,0.3371877184824819,1.4686414613745877,6.923922368028452,-60.873818612609874,129.0082808374331,P1:Focused,0.5044527509129999
1784076215.7157218,0.32790848558019164,1.4665065370756338,5.40123820006694,-60.690741028277465,129.62806575381478,P1:Not Focused,0.6371510931026194
1784076215.905737,0.31596809657063807,1.463054032932176,3.7570661528587372,-60.528257991527155,130.12747267995968,P1:Not Focused,0.65291961280034
1784076216.1108522,0.2989877138711371,1.460306262665781,2.0793024769153954,-60.37008418686095,130.64968945965015,P1:Not Focused,0.7197516893344968
1784076216.3099995,0.2801050308471949,1.4570012141269972,0.3390440227645294,-60.24423519875577,131.32444862302026,P1:Not Focused,0.7538118859856824
1784076216.5037627,0.26526783452081765,1.4519374030372565,-1.4098617058013703,-60.088143567313736,131.99494307276126,P1:Not Focused,0.8239184337283778
1784076216.7164934,0.2539059460956813,1.4478869973710835,-3.0998301815478633,-60.01584993330164,132.69667036970264,P1:Not Focused,0.8487376013869432
1784076216.8990476,0.25495835677655265,1.440302615903069,-2.0797059609333433,-68.0227206203319,167.3479221769743,P1:Not Focused,0.8368115874676578
1784076217.1117263,0.26624815603674573,1.434694114229758,-2.379339377226896,-67.99532326976366,166.72447180608535,P1:Not Focused,0.8016513633287251
1784076217.31187,0.2707881846772372,1.4301461411674623,-2.478363697062794,-67.94488830029988,166.29167998684133,P1:Not Focused,0.785454695251998
1784076217.5138035,0.2714409240226302,1.4245706216466676,-2.2777884768355805,-67.96611544747938,165.84316604714664,P1:Not Focused,0.7996571859747206
1784076217.7120361,0.26585028200636396,1.4233392903182531,-2.4325021329167478,-68.0536472405849,165.88786984613358,P1:Not Focused,0.8108488803182716
1784076217.912643,0.26037893045569116,1.4237560724771674,-2.3133361288790737,-68.11784623719674,165.99295429308694,P1:Not Focused,0.8125626762933502
1784076218.105199,0.25797329857004975,1.421783967575918,-2.2046745375786383,-68.17891048670184,166.07431786718422,P1:Not Focused,0.812545680277576
1784076218.3073382,0.2542345579328794,1.4172318829739994,-1.9669256422864705,-68.17577273273649,165.8836033177709,P1:Not Focused,0.8173203820113606
1784076218.5136006,0.27300431114254586,1.4212052337310488,-1.8339443641950894,-68.14895342124215,165.9021467276243,P1:Not Focused,0.7950252451427996
1784076218.711775,0.2796956756818855,1.4242915749294096,-1.5122010138112225,-68.14738984415538,165.88582996735397,P1:Not Focused,0.7582458478115919
1784076218.9135048,0.30829206153827377,1.4399923229363494,-1.6280959988343018,-68.28636296211953,166.70887404562168,P1:Not Focused,0.6378147701992763
1784076219.1121402,0.3432151423221761,1.4632972774519257,-2.2736768313439155,-54.17445312671465,168.09251090213823,P1:Not Focused,0.5339162877034789
1784076219.3058555,0.37354323687301233,1.4806272785253394,-2.8048939556550274,-40.15250777030858,133.7772054502709,P1:Focused,0.5314481276233187
1784076219.5154316,0.40418353799959766,1.4967679638284985,-3.3951359439260402,-26.191933531305313,99.65300289068139,P1:Focused,0.6375522721734994
1784076219.7099414,0.432295036143487,1.5116837007326318,-3.838123502373025,-12.193283117019654,65.64139472110405,P1:Focused,0.7041647968942542
1784076219.910497,0.4638345764933929,1.5266930746392036,-4.3470396278671295,1.804222206984744,31.506855317207805,P1:Focused,0.7521513643711542
1784076220.1081996,0.49423819106420586,1.5426461130922244,-4.746627756792817,15.849850184484893,-2.6717054172553647,P1:Focused,0.7999635037903532
1784076220.3100955,0.5256315936389542,1.5581357106070572,-5.117454713678288,29.837161723767252,-36.98091440224054,P1:Focused,0.8519325475524423
1784076220.510422,0.5294060535117668,1.570266840420878,-5.329527005037801,29.249817643226237,-36.364625989158256,P1:Focused,0.9027458990776077
1784076220.81068,0.5451079402793583,1.5850859033407565,-5.565445222756596,28.44245562337723,-36.60070782167438,P1:Focused,0.9504141764755386
1784076221.013293,0.4963407345431027,1.584135603544705,-5.559071872534707,27.90971549584298,-37.23597683420512,P1:Focused,0.8715816724544354
1784076221.2109947,0.48941626983082437,1.5905279711215432,-5.273494108273296,12.945271874948697,-38.313692804652625,P1:Focused,0.8471008134207719
1784076221.4101493,0.4863804468691682,1.5944402258426709,-5.131829399698572,-1.9243527782384446,-3.9704588017748366,P1:Focused,0.8951337689305338
1784076221.6145065,0.4810432516529004,1.5986508112983255,-4.829516141507953,-16.729096200852627,30.138119149558246,P1:Focused,0.8909198299622948
1784076221.8220446,0.47137940149737345,1.6095301732035765,-4.578210053241664,-31.535656248414256,64.21498560851981,P1:Focused,0.8371944654584328
1784076222.0153284,0.464148380991686,1.62065618353219,-4.310008262869803,-46.347354052760444,98.42770776300088,P1:Focused,0.8348306450273578
1784076222.2146864,0.4547895099475781,1.6296365845720877,-4.1272153327699685,-61.1701744607121,132.66940427965517,P1:Focused,0.8236757397248069
1784076222.4092717,0.44701628268623805,1.6410323904036936,-3.983675673466416,-75.9807958223908,167.11937715149335,P1:Focused,0.8161983651085027
1784076222.6241293,0.44006957025374965,1.6477271954954098,-4.051507982530373,-76.20546017329087,166.5654207892821,P1:Focused,0.7955522973738774
1784076222.8117619,0.43539023235858076,1.65399327657986,-4.134494178034581,-76.26734597630107,166.90076420051017,P1:Focused,0.8040567273004762
1784076223.0128388,0.48114106127452094,1.6651374223140614,-4.014562434684419,-76.8327774867823,167.33233895457857,P1:Focused,0.9410077660373991
1784076223.2143052,0.49589588497415305,1.6780560962153843,-4.096208632887283,-77.40803947522733,168.16348906321076,P1:Focused,0.9578693036438916
1784076223.4336932,0.5131472261477568,1.6919867747464106,-4.996546907519994,-78.12187357216406,134.32569005176032,P1:Focused,0.9822512227271502
1784076223.6296673,0.5408563970035596,1.7179223809598625,-6.986935989515634,-78.98242739755378,101.62796473538143,P1:Focused,0.9907327152209906
1784076223.8246515,0.5802173921256015,1.7459532837304461,-7.550655552449806,-64.35641262497049,102.83324984992745,P1:Focused,0.9888567752887149
1784076224.0276453,0.613064442705614,1.7738777465557856,-8.230961547105732,-49.68828259677758,103.80621905960861,P1:Focused,0.9851847050960374
1784076224.2167244,0.6423179654160605,1.8046537007363916,-8.963965897887146,-35.05880213157373,104.25885743753551,P1:Focused,0.9892412999630481
1784076224.4108272,0.6717527950736837,1.8482867849171698,-9.791521186553716,-20.60429813382611,105.30642393143043,P1:Focused,0.9952901128144103
1784076224.6128669,0.7211108395380922,1.9235158561641819,-10.602271222640939,-6.235343090930658,106.38116186023983,P1:Focused,0.9956259276305665
1784076224.8142488,0.726156915894288,1.9427138502147752,-11.702315514423164,8.537079592816355,107.18965385495764,P1:Focused,0.9952314062726763
1784076225.038094,0.7432863971268564,1.9871445144481992,-12.564134883920806,24.012980250534632,107.18813580870706,P1:Focused,0.9958445739998366
1784076225.2141435,0.7514614406419854,1.9997402081359503,-13.270211250205843,39.640775940553034,106.88477601275295,P1:Focused,0.9963961858938204
1784076225.4354749,0.7653431863620938,2.0295854575050893,-12.816480203646403,55.58685965384012,141.50439493241092,P1:Focused,0.997773247822327
1784076225.6252568,0.7614031927210017,2.0421760996276808,-11.563306865322685,71.54686093237865,174.89426510834159,P1:Focused,0.995972431612458
1784076225.8146703,0.7588929120906459,2.0645928608227107,-11.658571939167832,72.11999867950793,174.34495146443703,P1:Focused,0.9949552261207321
1784076226.022046,0.7557478072027801,2.084302448345323,-11.532341399018573,72.71150339496543,173.86655025380355,P1:Focused,0.9910349339647198
1784076226.2271452,0.7515010549617496,2.1033835003049033,-11.340456079525172,73.31811206101392,173.86804215484696,P1:Focused,0.9913586240582236
1784076226.4218712,0.7388405702989072,2.1153599206875797,-11.010667269090728,74.12067903117712,173.0876328186609,P1:Focused,0.9934556716904517
1784076226.6077433,0.7120888875112452,2.09883756926438,-10.208710568990623,74.97840460453729,172.90249774880095,P1:Focused,0.9937823599676471
1784076227.8086693,0.7036489073795174,2.106389524640894,-7.918699296393234,75.2478394197999,139.05298924701734,P1:Focused,0.995460335089936
1784076228.007816,0.6728805247603507,2.090333447544748,-5.918040062312414,75.14645398571086,105.50559399611146,P1:Focused,0.9860429464654863
1784076228.2287092,0.6367256663531762,2.077845571576061,-4.005070747732416,75.04845771257484,71.88653171073392,P1:Focused,0.9617365939840595
1784076228.406751,0.5852508229079342,2.0450468445894012,-2.9516536907878552,74.72745290363493,37.598143646521784,P1:Focused,0.9088575874405043
1784076228.6143737,0.5320772167966635,2.014666528841888,-1.847189072701579,74.49794650365419,3.449369709801246,P1:Focused,0.8468938972806282
1784076228.937841,0.49849004689506626,1.969932083206847,-0.72388123906525,74.18900279227047,-30.616152942709743,P1:Focused,0.7600157082020352
1784076229.1196709,0.46471495783722033,1.9162899393229733,0.276454172138801,73.73637816171347,-64.65226158087526,P1:Focused,0.6717464019869879
1784076229.3165023,0.44404045380129775,1.8753556130936964,1.0778649357161347,73.25865468322161,-98.7685764689069,P1:Focused,0.6853692448271297
1784076229.5094683,0.4328641943694322,1.8209115966699336,2.1093382298497776,72.87810178896491,-132.4960039381813,P1:Focused,0.6684732341837164
1784076229.7159946,0.41705833871493,1.7618520383722298,2.653621179729358,72.48040696015187,-167.04237231058022,P1:Focused,0.6976528292670596
1784076229.9059224,0.42613990090085396,1.7404473708249828,1.8573081915321707,72.26510353693723,-167.7740932018017,P1:Focused,0.6997718325224055
1784076230.119519,0.4364977450239772,1.7127369855672794,1.0453960921910475,72.1080288716967,-168.70109418825342,P1:Focused,0.6648658500186558
1784076230.3082132,0.45303810083534835,1.7022406659706164,0.4404327841217187,71.96519369310832,-169.57190982950462,P1:Focused,0.7519436371798578
1784076230.5045514,0.48269752788743076,1.693688495609019,0.38062217649172503,72.01933214061731,-170.0041832085772,P1:Focused,0.8176444052028922
1784076230.7350953,0.5239874156977959,1.6957896225030535,0.3549816244489601,72.1891079908039,-170.54110971166685,P1:Focused,0.8991116085090545
1784076230.928135,0.5162585257910556,1.6949695812057537,0.1251676291052507,72.18806369206514,-171.10157205537342,P1:Focused,0.8895120525583552
1784076231.3378942,0.4822925253695109,1.7180386930531397,1.5283999104868917,57.06040264384038,-171.70836735036636,P1:Focused,0.9070788190543447
1784076231.519088,0.4656427190556536,1.7183691693992276,1.696569011719188,56.7748384195048,-169.6602272123907,P1:Focused,0.9098749679944282
1784076231.7198,0.45620595051810364,1.730325708495296,1.741367686477896,56.42579363468004,-167.69958772728037,P1:Focused,0.9179522186760967
1784076231.9123914,0.4547260553031795,1.7499490051035007,1.9008106889409468,56.18516382358497,-165.67246892789655,P1:Focused,0.9057206858417717
1784076232.1107256,0.4493501910263745,1.7604500770523746,1.9728720570701967,56.05184242641917,-163.6478429589551,P1:Focused,0.8947103922242096
1784076232.308946,0.40747345599901674,1.768606568346934,2.0295555074322755,55.77602212182993,-161.48267246543034,P1:Focused,0.8243189479961449
1784076232.5196712,0.36276946764308615,1.7822313420607592,2.19801755091872,55.537940326562385,-159.23808863354412,P1:Focused,0.6884904634662053
1784076232.7169735,0.3100012340591171,1.7963833815952703,2.3471019623825558,55.031509201537176,-156.99089541585593,P1:Not Focused,0.5412480351990048
1784076232.9102135,0.25368314072952625,1.8008843340973086,2.589327645367361,54.44067518711866,-154.57052007492766,P1:Not Focused,0.7050231056408347
1784076233.1121728,0.22474033121987902,1.8064107811886365,2.272365478595741,51.73896828445386,-152.82957521967586,P1:Not Focused,0.7827622169206763
1784076233.3132484,0.26104722418070014,1.7981873123512373,0.9306365744311543,66.63202207929503,-150.40725803382873,P1:Not Focused,0.689775058073878
1784076233.520336,0.27297443972004176,1.7955256798225405,3.2752283736151435,51.77118100016435,-117.77781783229293,P1:Not Focused,0.6362389274992153
1784076233.7202551,0.2748992443977479,1.7941490659647674,5.567568935837092,36.81318532367585,-85.45502154254157,P1:Not Focused,0.5112719149027829
1784076233.9056716,0.26957216726706523,1.789470871581694,7.711497110816559,21.777003882418214,-52.99485268536669,P1:Focused,0.5375429642050891
1784076234.1177764,0.2742973280551971,1.7851939109393729,7.849899078751044,21.631241872257103,-53.04925390237641,P1:Not Focused,0.5364118553955057
1784076234.301415,0.3198414720926731,1.7858240743559626,7.875320825009609,21.664305369484342,-53.690578334144746,P1:Focused,0.5795755322713401
1784076234.5132792,0.3140013804791625,1.7569421589509022,7.182169377653834,21.81101352563966,-55.91577739401636,P1:Not Focused,0.5176517695608488
1784076234.713562,0.35907210429951114,1.7414996911519574,5.99247145407929,22.36546700266552,-23.127559068356426,P1:Focused,0.5940387394859098
1784076234.9135542,0.4080581949570063,1.724323657095848,4.330352443331838,8.385591582268024,-25.261392834952282,P1:Focused,0.6819152639736763
1784076235.09824,0.44475343938664424,1.7057219305189624,3.24394592227182,-3.2303548597609946,-26.744851733704717,P1:Focused,0.7974995711260882
1784076235.3198354,0.4455683032299018,1.6843707389138445,1.7414113963880624,-17.237077723392048,-28.88946990720321,P1:Focused,0.8017271749135907
1784076235.5203917,0.4535498917081565,1.6700557769194817,-1.6278268341487188,-1.7909819610709903,-28.816609672755714,P1:Focused,0.7452997714174955
1784076235.712154,0.4662244533729809,1.648244091801643,-4.826662932013208,13.59018978141896,-28.38472394096458,P1:Focused,0.7232789003005116
1784076235.9075277,0.4792261476696439,1.6261970767513128,-7.633922098876451,28.942163589601783,-63.622535064336944,P1:Focused,0.7096169027516017
1784076236.115852,0.48991295941015867,1.6066716735201048,-8.11520809328327,29.415731735576735,-66.20553529806399,P1:Focused,0.7151493852082523
1784076236.325108,0.4962641226626232,1.5868590251963783,-8.307769525101971,29.65609892733936,-68.07128104557714,P1:Focused,0.7440166626748009
1784076236.5227618,0.5508324410284918,1.5898300372294316,-7.896623890848302,29.642362435734118,-68.40655131610416,P1:Focused,0.8827956257544768
1784076236.7143755,0.5532650983794287,1.5824406483809246,-6.911983509463758,29.32311279308998,-103.5773946644471,P1:Focused,0.8874294347805033
1784076236.9509828,0.5534526122142349,1.582413512393551,-5.447917697197359,43.526055519304634,-103.79183410803618,P1:Focused,0.8936335254022411
1784076237.2198102,0.5644540928917305,1.58362123326131,-3.8726701457930504,57.59276486467511,-103.91154369314513,P1:Focused,0.9036625090795345
1784076237.4139614,0.5758365215906112,1.5867096829904683,-2.6781737386206776,66.81381862485763,-104.58029185467463,P1:Focused,0.9214355357848591
1784076237.6321387,0.578766084251572,1.5861338943193877,-1.5845502626867485,66.4192488045705,-139.4687978796598,P1:Focused,0.9438246290179033
1784076237.823681,0.5728803206261731,1.5872752758656437,-0.4580564641887429,66.22567011386226,-174.37225431152567,P1:Focused,0.9383519776675016
1784076238.0172768,0.5629136796510553,1.5849904612951105,0.394064783500676,66.16991312520294,-173.7112511921586,P1:Focused,0.9240292903190896
1784076238.2332964,0.5496002843196665,1.5826514976458297,0.883890294828954,51.79184965065614,-138.78159703325548,P1:Focused,0.9073474840534675
1784076238.4327066,0.5379176864293977,1.5817142701687517,1.148129724766383,37.638168253373955,-103.84688389060852,P1:Focused,0.8813272131278364
1784076238.6208417,0.5322081285245208,1.5849941993879024,0.5827814783461756,38.053308367792724,-104.27149729148627,P1:Focused,0.849736117302491
1784076238.8081408,0.5191892957554292,1.5871798130575567,3.7022552454299587,30.77234035298298,-102.94034314757421,P1:Focused,0.8438660825720469
1784076239.0187325,0.5048265337557891,1.5841424824259867,4.011039747665028,16.853822465615572,-68.30619466639257,P1:Focused,0.8366860641225611
1784076239.2117448,0.4861077370572568,1.5800178910925469,4.720816487939484,4.808033309971179,-33.85957324591183,P1:Focused,0.8047862394962609
1784076239.4154766,0.46564571829046936,1.57716365060081,5.162007235451895,-4.233052513659814,1.2361543612998502,P1:Focused,0.7576334824253748
1784076239.6165347,0.45176538093984886,1.5777418118794286,5.417953088334285,-18.178492329312455,35.57819669587625,P1:Focused,0.7486191389182867
1784076239.9301271,0.43851780355041814,1.5732094919397233,5.1284519041467584,-18.911139015877836,35.560666358921154,P1:Focused,0.7153034487516015
1784076240.1150262,0.4273580465051975,1.5712986132899702,9.575619666275193,-20.43465540470452,38.554426064808695,P1:Focused,0.7220727533458852
1784076240.3124578,0.4164855634054437,1.5683396839455188,9.782316246660983,-20.18199747902358,38.3016376948478,P1:Focused,0.7019270778843477
1784076240.5091507,0.4069290436202261,1.5654672592322147,10.145410735711273,-20.00977252721277,37.98042438931132,P1:Focused,0.6690033394451022
1784076240.7109454,0.3935343656608007,1.5590301072219048,11.377705021179592,-34.29172507568704,72.91456176232147,P1:Focused,0.6501553010594098
1784076240.9153838,0.38952769519148334,1.555361788027146,9.025000598113945,-40.84251449639753,105.92619806448245,P1:Focused,0.6281686700223122
1784076241.1053526,0.38793896143131185,1.5539253501201642,9.434021832151355,-40.740278145926204,105.58370167144369,P1:Focused,0.6309793641921053
1784076241.3135707,0.39025786139236684,1.5539648349602615,9.434702256878314,-42.486757493571304,105.24849462656212,P1:Focused,0.6498964149370294
1784076241.5231273,0.3933680918820003,1.554367249635861,9.851328539610288,-42.40603205002364,104.93429547889684,P1:Focused,0.656883208015355
1784076241.7121246,0.3922918356480437,1.5533873545799761,10.204992646674686,-42.3252282529446,104.64777529555431,P1:Focused,0.6482798119814016
1784076241.9132445,0.39748818741032516,1.5573027578699208,10.776756265894361,-55.54504890517459,138.54298196472664,P1:Focused,0.686149844404257
1784076242.107572,0.40335647563267274,1.5595903383249177,6.577484464678878,-68.05415180986067,169.45812533466577,P1:Focused,0.6682850926131889
1784076242.3132257,0.41083617100413294,1.5626868458088141,6.816939976802148,-68.0516024933307,169.28774703715857,P1:Focused,0.7153590747356288
1784076242.5119414,0.4156558297319181,1.5647591646863692,7.022810551695576,-68.06188004421959,169.10080155433317,P1:Focused,0.7134465542032252
1784076242.711459,0.42130766029607125,1.5683407001151441,7.1765731561977875,-68.0815642496602,168.97376487768238,P1:Focused,0.7457125416323984
1784076242.913245,0.42711516093175206,1.5711860630322612,7.212506638767968,-68.11051597887298,168.99340933793565,P1:Focused,0.7601596708714036
1784076243.1122472,0.43420796451405536,1.572805531183549,7.3502270269829495,-68.11414818934252,168.94276570336353,P1:Focused,0.7782892720485682
1784076243.3207905,0.4379226725883136,1.5747300204362582,7.4073931505270165,-68.11475462566656,168.97448439381023,P1:Focused,0.7983004213500966
1784076243.6130893,0.44295369076395125,1.5755761357810718,7.497229373464388,-68.1123121880142,168.99157828840296,P1:Focused,0.8101217485257737
1784076243.8121102,0.4469100852703683,1.575757597406425,7.599717866622319,-68.09113409179876,169.00252941229752,P1:Focused,0.8187934344273129
1784076244.0139856,0.4487208995905358,1.57464187200374,7.7109056079731975,-68.0605543820215,169.01011375708538,P1:Focused,0.8173946146750093
1784076244.2099676,0.4494411040434789,1.5742974692328446,7.901825698417886,-68.08212606693832,168.96995828104522,P1:Focused,0.8239234648968246
1784076244.4117334,0.45157142777615455,1.5734666029159214,8.075776012353812,-68.06300026678095,168.92906021660752,P1:Focused,0.8290815682952347
1784076244.6128526,0.4533694673570052,1.5724535427002393,8.29102171204375,-68.0365109911593,168.85327166762482,P1:Focused,0.8333181542954816
1784076244.8221073,0.4542058309023099,1.569362819510652,8.53642778942631,-67.9679316308847,168.72974592929148,P1:Focused,0.836207592785621
1784076245.012281,0.4546309148016979,1.5664750331961599,8.805365514057224,-67.90655699892866,168.63448239750733,P1:Focused,0.8307058105224215
1784076245.2081847,0.45520193469046805,1.5634224967372878,8.975067409714006,-67.8681828613209,168.5650096229661,P1:Focused,0.8132041251065822
1784076245.4070923,0.45624805430295795,1.5614932932149088,9.249907431301546,-67.87327674309347,168.39446123307744,P1:Focused,0.8405084054499761
1784076245.615609,0.45623688084599456,1.558217301635272,10.131934101684154,-53.9786062578223,135.58206220840688,P1:Focused,0.8293553801706107
1784076245.8256793,0.4565915253741843,1.5552110369921663,10.942210463383347,-40.11655108040287,102.71719456679295,P1:Focused,0.8267929348305626
1784076246.0176687,0.4577606635013529,1.5534132375664202,11.862255453628602,-26.268302945980327,69.87784915476384,P1:Focused,0.8668470588820529
1784076246.220946,0.4611079496881839,1.5529899906930358,12.766571772384163,-12.353308024491536,37.16461106707351,P1:Focused,0.8651729884776933
1784076246.4072301,0.45852497607503195,1.5509020789670083,13.58321904318708,1.4802896754197434,4.387130956938665,P1:Focused,0.8332912753748789
1784076246.6178613,0.45397359130455656,1.5481444325280844,11.749087663793423,8.25441636110088,-30.29792427636474,P1:Focused,0.8136987171000574
1784076246.8201196,0.45320275196550364,1.5465209774719113,9.547834417018525,14.987606144958306,-65.03084520682438,P1:Focused,0.8145796808809669
1784076247.0223236,0.4490743913896337,1.5446303456620456,7.317718392140945,21.769476356157284,-99.80001125491877,P1:Focused,0.7818597987445284
1784076247.2103636,0.4159510858096029,1.535643493337724,3.0790835205802622,24.757502623262976,-133.67990651978025,P1:Focused,0.6367634095544464
1784076247.4067044,0.41376383979648257,1.5339569698323505,3.443277608635762,31.49986507633529,-132.9245492886983,P1:Focused,0.6346382039651804
1784076247.620161,0.41967676076776145,1.536094693292121,3.1712975903419087,24.53256308870484,-99.42137888797369,P1:Focused,0.6722206640086764
1784076247.808927,0.427162859121702,1.5385447931189993,0.6677044934505976,17.289104727769633,-66.17900679336341,P1:Focused,0.6558401514004324
1784076248.0072973,0.435202482586767,1.5413621132777267,0.8939920199368938,17.37617790687043,-65.86409791987481,P1:Focused,0.6826111400740876
1784076248.2096078,0.4451999658544172,1.5443890395266784,0.08212113765585158,3.4732105645579026,-33.11557694226125,P1:Focused,0.7106014810789344
1784076248.4229417,0.45802144042188414,1.5485812653426854,-0.6904822879943694,-10.351975004844338,-0.2656143481891746,P1:Focused,0.7491157747543489
1784076248.6243215,0.47392969222434395,1.5554200562857792,1.1918523265886851,-17.133817064636776,34.47628353163016,P1:Focused,0.7864676583981065
1784076248.851732,0.48676260430243107,1.564522281527974,3.392312931665328,-23.90996157231452,69.28650680869615,P1:Focused,0.8275252479228085
1784076249.1219432,0.5028287011723706,1.5734438404076736,5.619209604855561,-30.68580912698443,104.08760693092609,P1:Focused,0.8759782251639918
1784076249.3164237,0.5456736439680989,1.5891016022279572,9.873367224870734,-33.70862202698869,138.0055539458305,P1:Focused,0.936286109481573
1784076249.5219636,0.5571805810099355,1.5952560897805275,9.417500882315435,-40.40448303651486,137.39185332683175,P1:Focused,0.9394628433869742
1784076249.7132769,0.5571114973541278,1.5949316943083223,8.983984505785363,-47.321720133387814,136.6907310748896,P1:Focused,0.9301050833586351
1784076249.9208095,0.555168435819693,1.5956152734594338,11.451463334936776,-40.085573597759335,103.51793440817423,P1:Focused,0.9463239506563977
1784076250.1217074,0.5508183213578451,1.5944655990005487,11.060585516270168,-40.213924383629724,103.25004492223022,P1:Focused,0.939395356875672
1784076250.305534,0.5442337022484097,1.592862815589025,11.588798668292487,-26.34467359314876,70.37862311418358,P1:Focused,0.9555217400766345
1784076250.509163,0.54428287463014,1.5942304492582409,12.340814451112575,-12.410407888759803,37.538340942791784,P1:Focused,0.9500013121253397
1784076250.732782,0.546268058288755,1.5956257797957338,13.006499873478504,1.6113640948077432,4.7500562846844385,P1:Focused,0.9472628333072671
1784076250.9147892,0.5429960088845769,1.5922698374210085,13.622304927752731,15.577116899183608,-28.10849412018523,P1:Focused,0.9466271437227451
1784076251.122763,0.538906512034474,1.5885257220177733,14.260306317027386,29.489079801192037,-60.92356308845401,P1:Focused,0.9428226488321133
1784076251.303261,0.5396721789842468,1.5894849097828194,15.034072461574198,43.528611781030925,-93.59284358006596,P1:Focused,0.9354627493591042
1784076251.5389783,0.5418548970346337,1.5902917116675763,15.861406333337271,57.5371472692514,-126.29631255663794,P1:Focused,0.9318386547220466
1784076286.6434462,0.6347917204201905,1.8418066782464493,-152.32087539659156,80.99894619293751,31.34449613955005,P2:Not Focused,0.9986815846280158
1784076286.6523118,0.573934234864621,2.174066815070967,-24.059319503744295,-76.0803922155828,-175.20449820982253,P3:Not Focused,0.7338687467645278
1784076286.6588926,0.4654979339996502,1.8806842420432952,-109.05077366902893,-84.66951114770602,-87.86361575957584,P4:Not Focused,0.9982490349866536
1784076432.6065097,0.5579798901895229,1.8626181231026373,-35.32452376745636,5.567853591069209,-17.07438399736236,P3:Focused,0.5675035534705863
1784076432.640935,0.322957391447819,1.6677764893982612,-96.69587598653443,-80.08184848501378,-66.08847343681464,P5:Not Focused,0.9914381466134246
1784076478.6643257,0.36541085107226134,1.2311164971218058,159.25562331957317,83.37921109421181,-5.6259934133944025,P1:Focused,0.9998989215407413
1784076478.7008722,0.46409693840284905,1.225171016676239,21.48187965771622,-73.01781104400453,150.09489800624996,P2:Focused,0.9964938767583571
1784076478.7064788,0.3087122249480974,1.068311545629944,-26.526135630225056,-84.01212441606236,-145.57624202689527,P4:Not Focused,0.5995792355192131
1784076478.7115746,0.21829424660038113,1.0734511964017204,-97.53864422070295,-70.24831880902849,-84.3361094053141,P3:Not Focused,0.9965629421527885
1784076915.4247904,0.4082535339168478,1.5468085327320809,0.9714752855430528,-67.20875368485129,173.4782596250419,P1:Focused,0.6508612459359321
1784076915.823659,0.4238366507882257,1.5570716143069023,6.897262234968511,4.932009505945885,2.031878528645805,P1:Focused,0.6647537340380248
1784076916.1268532,0.43176721323284295,1.5540289701830332,10.945777571861436,29.03437351319253,-53.49390099954596,P1:Focused,0.7138960168434825
1784076916.3921998,0.44994407351485755,1.5601732847032301,11.32912904466721,41.188874826635896,-82.23669411745628,P1:Focused,0.7126338656374597
1784076916.6342902,0.4050746535681703,1.5474225263882928,9.224897230585022,19.900583391479195,-31.309813699788926,P1:Focused,0.5961898401979672
1784076916.887064,0.41973205053448087,1.549103774239762,7.225135964049559,5.2772159310521305,3.4971295834492033,P1:Focused,0.667093285628558
1784076917.1180463,0.42693376654161863,1.5487831875911318,5.701177522598888,-5.277420437456633,28.599894802174894,P1:Focused,0.7027336191794695
1784076917.3946178,0.4233315923685482,1.542794211945732,5.040004857500754,-13.538938148773694,47.20130401419215,P1:Focused,0.7190756889118843
1784076917.6985943,0.420150542099514,1.5378690167984446,4.839682402344446,-20.01176178648264,61.49457543507841,P1:Focused,0.7476975731769464
1784076917.9252656,0.41771604315709004,1.5346690531859086,4.803917055080493,-25.135961573270006,72.84030983376313,P1:Focused,0.7446699160981477
1784076918.1858013,0.41608476828878704,1.5311547425510512,5.100776431523969,-10.751705396491186,38.475508684613274,P1:Focused,0.7387780129553037
1784076918.4020214,0.4135496636339419,1.524227517176446,4.135795405898884,-10.81599724989295,38.31192262715056,P1:Focused,0.7187168175462801
1784076918.617384,0.4106058307359097,1.520869947361955,2.7946145674818137,-10.969293991261704,37.898235608805244,P1:Focused,0.6842196535093729
1784076918.8872595,0.4020425972400054,1.5141126301678427,1.845918975318646,-11.115935746246546,37.702870957427564,P1:Focused,0.6495235996039096
1784076919.0934768,0.4223711640039666,1.5182374521824598,2.292206256172462,-11.787339792765533,37.922434456885085,P1:Focused,0.736453773935563
1784076919.3166504,0.41670170474258306,1.5154936822981868,2.6074338957799164,1.7438957044620822,2.743502203578706,P1:Focused,0.7068089709783577
1784076919.5892363,0.41408361183953907,1.5150997830247386,3.508000830627523,1.4257618025210248,2.235426080355322,P1:Focused,0.7337717996649418
1784076919.8072245,0.4176695875459139,1.5187622638997298,3.5163965087159874,15.271728304216737,-32.92996114575233,P1:Focused,0.7255980192720456
1784076920.0021691,0.42288946093835644,1.5242853245496495,3.1963685594732163,29.181965026275854,-67.9600947162863,P1:Focused,0.7079422626519271
1784076920.2096174,0.4301456900673416,1.5289535843634277,2.87919914333037,43.7305990890647,-102.66335925111312,P1:Focused,0.6918817069348545
1784076920.5142498,0.4364933541771137,1.5339796919938593,2.5635531695815637,43.404548667008115,-102.86837023570592,P1:Focused,0.7176998473914349
1784076920.8047159,0.44318882114094815,1.5408567352863065,2.212363227542568,43.039512686184864,-103.05402205792564,P1:Focused,0.7087512466068474
1784076920.989663,0.449340863492251,1.5456889337634059,1.6209289323001776,42.752430229340646,-103.47983430565282,P1:Focused,0.7321069467510143
1784076921.1822171,0.45486352840705546,1.5501976996349582,1.2922120895944922,42.39406208826371,-103.71901424032458,P1:Focused,0.7510377758717339
1784076921.4017072,0.4548146671285311,1.5494695800600553,0.8419399542004194,56.87258224942609,-138.42792331205334,P1:Focused,0.7959543322816577
1784076921.686337,0.4534089677407529,1.5500448495805785,1.2351826529914205,42.9303345887031,-103.55671184166283,P1:Focused,0.8016620035982727
1784076921.9220474,0.45108101059377387,1.549006944405401,1.1649590900740348,43.14385058325654,-103.62829188883101,P1:Focused,0.8037740906831349
1784076922.2125638,0.451306253502031,1.5489538558656435,1.6862026398961025,29.880352432129058,-68.95595065163252,P1:Focused,0.8185298305565606
1784076922.497277,0.448167426494376,1.5464883985352404,2.256164453666818,15.980784695967941,-34.18628173624562,P1:Focused,0.8284848475376654
1784076922.7114744,0.44209131040967337,1.5435852795419864,0.8507976615472279,3.029735090916862,0.47670354910994206,P1:Focused,0.8015779173710658
1784076922.8817294,0.4379443475185324,1.541188494704007,1.1477835307732525,3.088244082057307,0.5382385532604076,P1:Focused,0.7706649955817839
1784076923.0728836,0.431851133293943,1.537678632728916,-1.1423129730509354,-2.707081359517969,34.87666265763727,P1:Focused,0.7139554390431375
1784076923.2936282,0.4263773985374968,1.5361543628594476,-3.589673061132841,-11.684990697820766,35.20839065714622,P1:Focused,0.6972755791559258
1784076923.4820683,0.4231080019417609,1.5369222532287694,-3.5549389234694937,-25.617338517992586,69.94286369541096,P1:Focused,0.6338439565713129
1784076923.6971147,0.3870623248457733,1.5265729106737775,-3.66736467195919,-39.2310155385704,104.55746762915416,P1:Not Focused,0.5640666291276193
1784076923.8881545,0.38801458577270437,1.530110042668347,-4.263298887304492,-32.63010432906888,104.92191767183385,P1:Not Focused,0.6031590427216876
1784076924.08304,0.3873740997839628,1.5330334044818845,-4.840793183211692,-32.06234487102891,104.79652056780465,P1:Not Focused,0.6249675901760767
1784076924.2812576,0.38580613206922454,1.5356713837253184,-5.469467764795999,-31.96587296193445,104.75799211419671,P1:Not Focused,0.6186826478802542
1784076924.4741325,0.3855666537555253,1.5382854959293808,-6.098815758255631,-31.210482729590957,104.62091909522117,P1:Not Focused,0.6383959960116934
1784076924.6891344,0.38668425407402884,1.5410247503775978,-4.879491936039076,-32.100487700812344,104.3731019554064,P1:Not Focused,0.6272509242753073
1784076924.8798995,0.3889765906547703,1.5428180698698226,-5.3103695259684605,-45.9038541982228,138.7302457490237,P1:Not Focused,0.5984665972241299
1784076925.0835083,0.3891017111523225,1.5452131222410455,-3.0458447388965992,-53.823120382496164,138.91651717572663,P1:Not Focused,0.5539403851406596
1784076925.2801447,0.389259808232132,1.5464305782545684,-0.6151871363463589,-58.53820331835302,173.08008265288458,P1:Not Focused,0.5323981903205768
1784076925.4781756,0.38659412047463865,1.5460357291157396,-0.6662635414475995,-58.295521436699666,172.79038997815493,P1:Not Focused,0.5388139540253124
1784076925.6756976,0.42105201680431775,1.5592971219797975,-0.6866778049726291,-58.41133354089359,172.62978591274157,P1:Focused,0.5853719867483971
1784076925.882994,0.4210517711854875,1.5590674822357697,-0.5769038151441483,-64.33885388482157,172.10617337672403,P1:Focused,0.6058465487126794
1784076926.076245,0.4232075590093369,1.5579117283170185,-0.6863493201860015,-64.50664241554014,172.32541776040804,P1:Focused,0.6198857604555045
1784076926.280301,0.426550997069045,1.5572712120668897,-1.0478496054756807,-64.65750217749142,172.76165770174447,P1:Focused,0.6772793269819625
1784076926.473663,0.43179087450970866,1.5587794282607703,-1.73834310332171,-64.88947285931297,173.5137388144834,P1:Focused,0.6896148255471215
1784076926.6820426,0.4362931591394849,1.5597935080218674,-2.537047125150554,-65.15034668274016,138.4616943438307,P1:Focused,0.7159327222039661
1784076926.9232686,0.43806630127798385,1.5607612185370372,-3.4268293630305293,-65.43205285893174,103.52150077549368,P1:Focused,0.6967404240904421
1784076927.1902184,0.44240841088873495,1.5620890873109965,-4.252815498357445,-65.68428250614485,68.50897910589293,P1:Focused,0.6893573763065038
1784076927.3785474,0.4452306509622373,1.5618639844079891,-5.116335536388663,-65.95807841845078,33.57477124522385,P1:Focused,0.6786695311182687
1784076927.577364,0.446538138455424,1.5602405988994696,-5.867887402338683,-66.22113841330024,-1.4669130933603127,P1:Focused,0.7095300173594021
1784076927.7751184,0.45155374961693917,1.559212407957228,-6.562745806988678,-66.52245965824872,-36.420326138342645,P1:Focused,0.7433916353803477
1784076927.9772336,0.45160890402782145,1.5563900938055621,-7.211216660184076,-66.73743063625687,-71.64784000807443,P1:Focused,0.7242009031946515
1784076928.1782064,0.44991885085128863,1.5532728873825372,-7.7389263034772044,-66.88106199726326,-106.92491024922185,P1:Focused,0.7170218530053347
1784076928.3746877,0.44478475219018254,1.5495567605392395,-8.019190788897362,-66.98177469589328,-142.46863557326233,P1:Focused,0.6712187180341237
1784076928.5794203,0.44176855474097404,1.5437003813329733,-7.964502172064438,-67.10543561804835,-178.17240208925878,P1:Focused,0.7104773526386893
1784076928.7772639,0.43617342151611194,1.5396947170293092,-7.759329290293129,-67.28685348454124,-178.1496422929692,P1:Focused,0.7857449612664485
1784076928.9701464,0.43259394995702855,1.5378630504251576,-7.416860556495095,-67.4699552695711,-178.2133600765856,P1:Focused,0.7776824601715043
1784076929.179933,0.42829977207436426,1.533765880452738,-7.169655294945217,-67.58984468728796,-178.25073027723448,P1:Focused,0.7557474499480626
1784076929.3783388,0.42622208909944426,1.531567636596532,-6.955094397830389,-67.71111747063969,-178.3560581719623,P1:Focused,0.7419700309159177
1784076929.5779533,0.4267234660310809,1.530726628915183,-6.802223315489863,-67.84414550330283,-178.33252925898395,P1:Focused,0.7458341644424465
1784076929.7770865,0.4242522531862024,1.5283510002412366,-6.667281026974331,-67.87849667383884,-178.4760205117789,P1:Focused,0.7372623995961648
1784076929.9801202,0.4238106791096293,1.5268321168306576,-6.548251466553002,-67.9262034518321,-178.47385627897762,P1:Focused,0.7363338291530551
1784076930.1872265,0.42273259825926796,1.527134838502604,-6.412988644750041,-67.94156299701737,-178.62721077256998,P1:Focused,0.7319319954230422
1784076930.3771439,0.4260035584095362,1.5277989972692416,-6.328261945419861,-67.9814207783375,-178.68692629107036,P1:Focused,0.7378544924396422
1784076930.5775747,0.425854920807571,1.5317512174692354,-6.261994971619027,-67.97643084749984,-178.88770660970718,P1:Focused,0.7744317062992985
1784076930.7874353,0.42850047998831975,1.536774072638441,-6.255771100505373,-67.87152511175178,-179.04782978963232,P1:Focused,0.7777123210592507
1784076930.9727414,0.4325304667034128,1.5391405276647174,-6.316720318969492,-67.74067822208248,-179.20445710874543,P1:Focused,0.7905122668740857
1784076931.1800022,0.43715530813117703,1.542395048442921,-6.310198628122704,-67.68540771351428,-179.30391741008071,P1:Focused,0.7447034989726834
1784076931.3770711,0.44051370571351695,1.5427718984710688,-6.258872079739573,-67.65184137148361,-179.35736223529003,P1:Focused,0.759894344296416
1784076931.584017,0.4428402099314881,1.5437074659582053,-6.275218213274117,-67.6037504071676,-179.40773530433907,P1:Focused,0.7597810485030174
1784076931.7721756,0.44257538724432866,1.544276994838515,-6.3201150973866715,-67.60442054477306,-179.35026007868746,P1:Focused,0.7415707591857198
1784076931.9749546,0.44477581837397934,1.54550875038598,-6.297745048638587,-67.66273700431708,-179.28176020745101,P1:Focused,0.748521276581867
1784076932.174616,0.45075088685321696,1.5493238317741873,-6.309773520348718,-67.82292314184853,-179.10282509491577,P1:Focused,0.7429555431742455
1784076932.378119,0.4544590311822006,1.5509808787503185,-6.268705122414306,-68.03091181658985,-178.93969251544962,P1:Focused,0.7690621328529549
1784076932.5773857,0.4575999475979022,1.5492722068326197,-6.215922281204946,-68.25306512590655,-178.72752139321454,P1:Focused,0.7891236889612311
1784076932.777147,0.4620316705919034,1.5449082197197388,-6.154208112665513,-68.44222274472489,-178.5794397161733,P1:Focused,0.848222069821588
1784076932.9730284,0.4652867697199,1.5417819850014276,-6.052141410852183,-68.63453015532784,-178.4693198479793,P1:Focused,0.861797949676809
1784076933.1919012,0.46720297583501125,1.5381579975088315,-6.038813295476969,-68.78541396348666,-178.39979636452182,P1:Focused,0.8590157697613866
1784076933.4009736,0.468565116022256,1.5369074741105793,-5.853671062631717,-54.52658406718025,-178.3673001595701,P1:Focused,0.8503403371273597
1784076933.721895,0.47159785593631376,1.5342263565332528,-5.854454431597628,-54.64451775239352,-178.1859883359761,P1:Focused,0.8392429951812376
1784076933.998927,0.4783567849718741,1.5319660727596918,-5.827786878113548,-40.36683104630352,-178.3465682898124,P1:Focused,0.8309082755095001
1784076934.1899464,0.4870821844523826,1.5326041243909274,-5.96521298799295,-40.41846162258258,-178.17539477176734,P1:Focused,0.8485968491995053
1784076934.4184604,0.4956436190927603,1.5327654866799383,-6.064955550655961,-26.064066645277386,-178.31723688256665,P1:Focused,0.8529049265759223
1784076934.697116,0.4979367867753079,1.5347754746222588,-6.438455371683308,-11.512374377727848,-142.76911553692375,P1:Focused,0.8468538121261557
1784076935.0220075,0.4965038530645122,1.5390063020298537,-6.810577706232837,3.2238335873613027,-107.34428944746041,P1:Focused,0.7962009966193081
1784076935.2945213,0.49320742999387635,1.5433812840425063,-7.031768156210363,3.430587671259508,-107.31103197810405,P1:Focused,0.7627249849237677
1784076935.5005612,0.4875177439110014,1.5453485914398724,-7.244465097833239,3.6312947697001134,-107.33981813692603,P1:Focused,0.7269305121064971
1784076935.6842487,0.47900247986592326,1.5481337049689954,-7.359697708170311,3.8141897171122694,-107.33475673427321,P1:Focused,0.6729791818054378
1784076935.8836563,0.473907235809949,1.5500299542618512,-7.634670397387859,-10.442512615026882,-107.34481326037397,P1:Focused,0.6904735223260975
1784076936.0818393,0.46762846898026733,1.5536116799922357,-7.728799016366759,-10.34194519375398,-107.45275327395134,P1:Focused,0.6912807861288982
1784076936.2724845,0.4577549679734901,1.5579811541842945,-7.7907825293788715,-24.58596514273851,-107.36412156097413,P1:Focused,0.6874289770512686
1784076936.482579,0.44705956308104733,1.561413798141191,-7.925756043891735,-24.445605312511873,-107.44627185368033,P1:Focused,0.635750585944742
1784076936.6772666,0.4335890211747754,1.5628630573793574,-8.068782893527281,-38.63136931017896,-107.37087844196348,P1:Focused,0.6013114630749057
1784076936.8710487,0.41817294838354374,1.563877851156224,-7.856747467468527,-52.96040958719226,-143.07990952261315,P1:Focused,0.5878661980397513
1784076937.073294,0.40203897140159983,1.5597422760243267,-7.503907425886814,-67.3800801859957,-142.82851792065267,P1:Focused,0.5593638061736091
1784076937.272308,0.40299883590891605,1.5605251672046436,-7.463931630671901,-67.37003570213474,-142.9792214908971,P1:Focused,0.5623129809114564
1784076937.4837103,0.40326057883120914,1.5603560638283507,-7.351647272177686,-67.32593968846571,-107.19333033184748,P1:Focused,0.5377689617402853
1784076937.6709666,0.40880854234205666,1.5650982643708822,-7.474268999165457,-67.31280816186732,-107.26880622414112,P1:Focused,0.5629940416054241
1784076937.8712826,0.41088387133402166,1.5697363024179822,-7.489683295001393,-67.17216500880184,-71.44156500662447,P1:Focused,0.5741198876203146
1784076938.1992693,0.4123554688790508,1.571791762803138,-7.581525038890422,-67.00343395296049,-35.706748535331585,P1:Focused,0.5726731655796503
1784076938.5071998,0.4196721141198803,1.5757012800354357,-7.642459438469686,-66.86611260721492,0.034677657723446484,P1:Focused,0.5280790566234954
1784076938.689492,0.4311946478019449,1.5777515213768212,-7.650703278474597,-66.81965163109842,-0.16113411562473914,P1:Focused,0.5757716353318535
1784076938.8810012,0.44402594670869133,1.5781425163267175,-7.59157835639448,-66.83851851643308,-0.16303074500551135,P1:Focused,0.6510421144830975
1784076939.0741076,0.4657994046252439,1.5794483143695595,-7.705796700217304,-66.94489530003493,0.06030284448522707,P1:Focused,0.7325087153999804
1784076939.2793128,0.4933236132816862,1.585468670440564,-8.048631813658407,-67.11903467114897,-35.49003777310121,P1:Focused,0.8026754967400472
1784076939.4742796,0.5036891537800154,1.5858750994609703,-8.212751071205245,-67.24718166127364,-35.15155834009355,P1:Focused,0.8289039850873148
1784076939.6743882,0.5165757580018491,1.5883107827241552,-8.624434569017371,-52.97440608794577,-35.44656161124599,P1:Focused,0.847271903565914
1784076939.8759828,0.5234323716795697,1.585515703709429,-8.727479459976784,-38.71707198835101,0.16030600549001123,P1:Focused,0.838691364395785
1784076940.090452,0.5281855302462518,1.5804400926757591,-8.96848456866593,-24.602774052431833,-0.09527832802540104,P1:Focused,0.8497592354817245
1784076940.291853,0.5310400841871916,1.5769642604174579,-8.925563489728564,-10.549584058455617,-0.09743803814739352,P1:Focused,0.841120643506856
1784076940.520253,0.5274178161493596,1.5708357022522892,-9.225610700832053,3.4539321035843145,-0.19503328302823775,P1:Focused,0.8197475100319833
1784076940.79506,0.5183051957159064,1.564808532872791,-9.41262669213705,3.225776762593765,0.17026588356133346,P1:Focused,0.8086935465517694
1784076941.080607,0.5062661195755888,1.5612007766955087,-9.754887604376037,3.18689460429363,0.4163419281920511,P1:Focused,0.7522763206910609
1784076941.3809152,0.48186120805004495,1.5580111294618673,-10.03545996509472,3.5203356221498594,0.26057482400500476,P1:Focused,0.674708947318654
1784076941.6855056,0.4423493346774011,1.5521025271460693,-9.953943520508302,3.9905617042293953,35.579752044698814,P1:Not Focused,0.5001604113970409
1784076941.8879163,0.395041146928971,1.5435349854197973,-9.723959248395158,4.443652108197571,70.84381602345911,P1:Not Focused,0.6429984232172634
1784076942.112008,0.3712254278773001,1.5400550957624333,-9.366780190983627,-9.588060523969405,70.88263820242558,P1:Not Focused,0.6878643009904484
1784076942.3852754,0.3518307511043194,1.5355661998681918,-9.119471440970328,-23.5933550247202,70.9385469259978,P1:Not Focused,0.7207877706821596
1784076942.5962188,0.34425180281188994,1.5356953815412875,-8.818084622888126,-37.58005005691837,70.90457109475301,P1:Not Focused,0.740431533133098
1784076942.782204,0.34283408312036306,1.5364523068780656,-8.862363662029598,-51.55672432124874,70.88761769564535,P1:Not Focused,0.6938688858145631
1784076942.9825976,0.33697887012899225,1.5376008741756768,-8.721765105924243,-65.48658066934647,71.10166518314387,P1:Not Focused,0.6918504153993169
1784076943.171048,0.3317986438108294,1.5369806829296078,-8.632805577471709,-65.17580037213288,70.79572852268402,P1:Not Focused,0.7030511930792187
1784076943.3673155,0.333078800366924,1.5392957561193694,-8.415544746896611,-65.11441378653373,70.56939913166451,P1:Not Focused,0.6829155931849855
1784076943.5763857,0.3476975757353443,1.5386197253152623,-8.13499015042118,-65.33311002414948,70.63065098821941,P1:Not Focused,0.6527257089167258
1784076943.7716448,0.3366265623454274,1.532974524960284,-8.042299353619017,-65.50094847163697,35.0311178424872,P1:Not Focused,0.6219666756875208
1784076943.9755971,0.35845781925378967,1.5358791452948,-7.8907279968031245,-65.55557823850052,35.022694270443736,P1:Not Focused,0.6009702344105192
1784076944.1846592,0.3587415529194374,1.5344004136279898,-7.752922862760784,-65.51331616869982,34.87317248891306,P1:Not Focused,0.6125530075534807
1784076944.3991988,0.35723716500220076,1.5336287748308144,-7.624778297925959,-65.41842145853883,34.57105113197864,P1:Not Focused,0.6307239885339404
1784076944.5900233,0.3483110748054584,1.5312672293578513,-7.574147185317554,-65.25864273279271,34.342962466076486,P1:Not Focused,0.6536850090278522
1784076944.7784283,0.33591521149005815,1.5293600007786532,-7.2972001058081215,-64.99692807985707,33.87290278611904,P1:Not Focused,0.7143516593450463
1784076944.9790392,0.3279273903033205,1.5275006129754671,-6.826627160322355,-64.7149222207467,33.14634495303978,P1:Not Focused,0.7385533830177637
1784076945.17998,0.3277007907556498,1.5296549123509506,-6.3735411326257205,-64.32667353963697,68.2598653215135,P1:Not Focused,0.741777473032093
1784076945.3869808,0.3238693311159164,1.5323101679945599,-5.9341990829219835,-63.86254716899523,103.26820124240855,P1:Not Focused,0.7463806477033423
1784076945.578691,0.31597645725961676,1.529033974658588,-5.700110684160216,-63.278048719348035,138.2918070163318,P1:Not Focused,0.7811948657740514
1784076945.784065,0.3437605393028684,1.5333577651919454,-5.567036633257742,-62.816737261493486,173.40301102807842,P1:Not Focused,0.7155820361833595
1784076945.9839349,0.34202873737254536,1.5312756353801529,-5.610445419147291,-62.475959201322325,172.95552629171718,P1:Not Focused,0.727466830916252
1784076946.1800065,0.3366661862604401,1.5276327407116488,-5.346688213799755,-62.139425072878,172.57425392094035,P1:Not Focused,0.7232445878965802
1784076946.3830907,0.3374613221719972,1.5285266652106932,-5.012725822858724,-61.76810918791919,172.20336609149987,P1:Not Focused,0.7076730244228551
1784076946.5787213,0.33704111387522256,1.5294625350917352,-4.613127160943464,-61.467531967259596,171.77911349810827,P1:Not Focused,0.7247051492845199
1784076946.7692828,0.33299626579442343,1.52733515033609,-4.276953678582663,-61.19625019973203,171.34146969416616,P1:Not Focused,0.7444327815800311
1784076946.974112,0.33705282052641083,1.5292426739886147,-4.5844250916993605,-60.215898251636155,171.48057504412873,P1:Not Focused,0.7425531904491454
1784076947.1753826,0.3349348612312353,1.530994882343036,-2.4508598234067813,-57.55147021645636,170.95520987218237,P1:Not Focused,0.7354025489882279
1784076947.3736954,0.3299994373479773,1.526389993571052,-2.118721481145145,-57.36222320702494,170.7450928813624,P1:Not Focused,0.7401966980802039
1784076947.578947,0.32678466393588046,1.529132271252428,-1.7109783058344015,-57.24290426504187,170.45167282791815,P1:Not Focused,0.7411473429763098
1784076947.7771122,0.32832430767061643,1.5304351585748244,-1.249964274018295,-57.21316367010239,170.17635693993705,P1:Not Focused,0.7280750652050325
1784076947.9759939,0.3341993125740105,1.5335387594052907,-0.8578306859768116,-57.1129403917452,169.97698663078518,P1:Not Focused,0.7037933376457159
1784076948.1782484,0.3313549267545454,1.5357072903712243,-1.081087388602306,-57.198644621535166,170.14444878243248,P1:Not Focused,0.7370209248165682
1784076948.377277,0.35428522709014104,1.5366441869480905,-3.654869587076301,-42.99205444057977,168.20651016971905,P1:Not Focused,0.6349518452140984
1784076948.5774868,0.37955564803447095,1.5372023410871485,-6.336884958665204,-28.86636926667389,166.3625077884424,P1:Not Focused,0.6148436276168308
1784076948.7777488,0.40580434723470643,1.5393833078169474,-8.853024115905876,-14.846186960787112,164.88144055781905,P1:Not Focused,0.5502759287903292
1784076948.9836807,0.42669903343646387,1.5374457478736985,-10.771921119692534,-1.6385330300489458,163.11864848885517,P1:Not Focused,0.5170267170311114
1784076949.180687,0.4294553077013042,1.534821711175665,-15.191321789669724,9.886179788768448,161.92130860876304,P1:Not Focused,0.5466056176020133
1784076949.372371,0.4331514460648913,1.533498261908309,-17.746307872306115,23.85478217581479,160.5219071501822,P1:Not Focused,0.6109199930928715
1784076949.5824258,0.4353312167330203,1.5343079715689805,-20.281521780621496,37.79573320931844,159.1016066217532,P1:Not Focused,0.6682014533859733
1784076949.774534,0.4381582219831964,1.53492690403982,-22.86780827613839,51.74277682869408,157.68242061084726,P1:Not Focused,0.70857867726335
1784076949.975618,0.4411293598270879,1.5363876176378812,-25.57508135307376,65.70712076458598,156.04282906018048,P1:Not Focused,0.7583382467851038
1784076950.1758308,0.44801309975180653,1.537896203595375,-27.970693380696837,79.82208252689432,154.0728139246857,P1:Not Focused,0.7945970651776917
1784076950.377225,0.4447322052703845,1.5355772067715463,-28.242535239317135,79.5639133557564,154.12757691359832,P1:Not Focused,0.799172608292712
1784076950.5730038,0.4425727806950695,1.5372464650920492,-28.38223489120502,79.45841923890215,154.25451805503198,P1:Not Focused,0.8026726297218186
1784076950.7756772,0.4413434106405596,1.537625087038286,-28.48654223191116,79.43456815999984,154.23513653630263,P1:Not Focused,0.7987313058012115
1784076950.9769785,0.4393076534464647,1.533934860131842,-29.027843660902942,79.5043544107604,153.8562240926116,P1:Not Focused,0.7854021432819849
1784076951.1759903,0.4470918533902351,1.5273657261559266,-29.40463353587387,79.46810620108337,153.85111968333655,P1:Not Focused,0.7517172334954751
1784076951.3727336,0.4354978639719748,1.5217388400294114,-29.46197334592916,79.45188125772519,154.18690659067673,P1:Not Focused,0.7766838297420913
1784076951.5763378,0.4235952804014304,1.5146572174967279,-29.49391858189198,79.37992273625021,154.55901208470775,P1:Not Focused,0.8154242316767475
1784076951.7740383,0.4115164131825365,1.5091855129908578,-29.495497781162538,79.38382131373129,154.78333157859586,P1:Not Focused,0.8298165923097844
1784076951.9730291,0.40643124959944094,1.504236881432313,-29.312072815070017,79.3214314980139,155.1838054417229,P1:Not Focused,0.8409736770083613
1784076952.1725962,0.40650310027230174,1.5065434781505462,-29.109878218148424,79.28946316486758,155.596521716352,P1:Not Focused,0.8411423259854409
1784076952.3790574,0.3941411748380562,1.505147177135229,-28.823504170791164,79.2666522119696,156.07579219645572,P1:Not Focused,0.8805277388369823
1784076952.5786264,0.39018415082756996,1.502751671851182,-28.714639120523252,79.19334783602112,156.40943534707233,P1:Not Focused,0.8823727183161578
1784076952.77524,0.38656319208163437,1.5052238757288845,-28.701659066072956,79.0876702223164,156.7763272751572,P1:Not Focused,0.8808013522396645
1784076953.088279,0.3814015466159359,1.5091027815227105,-27.968921515571424,78.9107790564034,157.7409721627039,P1:Not Focused,0.8811770335777751
1784076953.2728615,0.3804202198090788,1.513689430744281,-27.195617570094868,78.75893739548268,158.57354369029832,P1:Not Focused,0.8810921624899757
1784076953.491674,0.4017322785716476,1.5193662131877352,-26.832749950917467,78.61619135077487,159.0211097651295,P1:Not Focused,0.8415954523073074
1784076953.6958582,0.42363343165763945,1.5246032908754632,-26.497231244552403,78.55858309108405,159.4060064041432,P1:Not Focused,0.7986657745263473
1784076953.9074378,0.44446929614155284,1.530072634899027,-26.177917200973877,78.45124614157932,159.93241259168812,P1:Not Focused,0.7415480489393813
1784076954.224946,0.45988405461929266,1.533753228613515,-25.815109805404866,78.3542744160953,160.4909454293499,P1:Not Focused,0.7043380747573894
1784076954.499228,0.47783930932097185,1.5328182297008568,-25.54765231672174,78.1678898979766,161.03277909599103,P1:Not Focused,0.6341268274539236
1784076954.8103256,0.488745248998813,1.53717729308346,-25.321888111165446,77.92705359363791,161.55819742149134,P1:Not Focused,0.5887324193274588
1784076955.002465,0.49523908037851916,1.5432241315969009,-24.93874526275485,77.73782026195325,162.1376369446551,P1:Not Focused,0.544120319123294
1784076955.1918604,0.5004853038282702,1.5489837028561582,-24.409961951476618,77.57752822429144,162.76046366645053,P1:Not Focused,0.5286880104766323
1784076955.403825,0.5031143688097746,1.5531469815188337,-24.052070625770245,77.41781370061315,163.43031259238415,P1:Focused,0.5176469336209905
1784076955.6277366,0.49244277297060224,1.5568873300771657,-23.52193547274901,77.25193115589573,164.5175184793007,P1:Focused,0.53408734752064
1784076955.8839684,0.4987279988356933,1.5649459345669006,-23.02284206864178,77.10199956842322,165.55294220854827,P1:Focused,0.5342683100688473
1784076956.1041331,0.5125575710008416,1.5717570163388839,-21.904041882463545,76.8011368061079,167.12988682160955,P1:Focused,0.5711022549556369
1784076956.3181152,0.5282830477664643,1.5784009987898018,-20.95186879080415,76.51328237984329,168.37038985571863,P1:Focused,0.6479455617869061
1784076956.5945866,0.5387629848520021,1.5862497102486188,-20.055490748582322,76.23276602553047,169.69927292304718,P1:Focused,0.6892051179644021
1784076956.8041494,0.5416747175945488,1.5905643014055604,-19.119943586928635,76.0141894040086,171.0484248978049,P1:Focused,0.7046138254379133
1784076956.9879327,0.5453500859449745,1.5959200364361705,-18.048576810051095,75.86493104664996,172.44815683423707,P1:Focused,0.7288173708972733
1784076957.1904182,0.5391060913750073,1.5959742724995762,-16.940710778529613,75.68663175467425,173.86276541749743,P1:Focused,0.7184781284842217
1784076957.3845341,0.5340119486825302,1.5920092687752647,-16.07761913222065,75.50821869768997,175.03009143697307,P1:Focused,0.7159280968812436
1784076957.6138344,0.5334159424553527,1.5906419940548346,-15.40215809104453,75.39120121861707,175.78811875515618,P1:Focused,0.7157672832844238
1784076957.896342,0.5472801699831058,1.5916271484771374,-15.034796205520612,75.33570540485806,176.0031701125085,P1:Focused,0.7588045311612297
1784076958.146155,0.5413853918723743,1.5879146266056325,-14.625598105727715,75.29755417684207,176.2646461011387,P1:Focused,0.7430738852543171
1784076958.401915,0.530036735050815,1.5855562406596158,-14.787479552749412,75.36486905086869,176.03319733931284,P1:Focused,0.7101894972577133
1784076958.7119763,0.5159401602296168,1.581591080165269,-14.830043377994432,75.46501717575978,176.00962092614824,P1:Focused,0.712467041901664
1784076959.0019984,0.5043681123515844,1.5790052860796877,-14.884993944072017,75.60674739911745,175.76561326760716,P1:Focused,0.6912538978716841
1784076959.1981943,0.4953822851555982,1.5783600784838752,-14.803930414309491,75.73772756784595,175.61812523392095,P1:Focused,0.6540668611113021
1784076959.3974454,0.4835939353564559,1.5763899170516555,-14.756198543287919,75.88499313254152,175.4606991678395,P1:Focused,0.5999808306339716
1784076959.5922387,0.4736044901319766,1.5760255365204527,-14.734699308016449,76.02518537997972,175.24957097349503,P1:Focused,0.5661113788063858
1784076959.7919247,0.4632071160362316,1.5751880905521474,-14.661994889810373,76.19341842099398,175.07034124617303,P1:Focused,0.536990865173613
1784076959.9728518,0.4536051133849405,1.5775939276516495,-14.346899740217953,76.3326436228788,175.06798588802914,P1:Not Focused,0.5186560208208477
1784076960.1764855,0.43494933975384675,1.5697756837362968,-13.794174596499806,76.44620391962692,175.27900762901066,P1:Not Focused,0.5955071727748855
1784076960.4146748,0.4074955913409689,1.5580157783633397,-13.087799337998092,76.53282510509044,175.6064811356021,P1:Not Focused,0.7056601967947091
1784076960.7020798,0.380047764951012,1.546763933491184,-12.397612577169236,76.62708245878778,175.92525205547219,P1:Not Focused,0.7576696388224261
1784076960.910839,0.3545109145480262,1.5354465916344036,-11.793611354388833,76.62438517722143,176.25897439116426,P1:Not Focused,0.8094454535319259
1784076961.2074707,0.3110997180906182,1.5216499767397955,-11.195294325051481,76.54171011080635,176.76939216659304,P1:Not Focused,0.8947816839812969
1784076961.4924414,0.30944595996512014,1.5141114813494154,-10.670403061987056,76.55582705626315,177.13479306871056,P1:Not Focused,0.8969801138349244
1784076961.6920702,0.307498865372715,1.5086934411247865,-10.16962679940342,76.56082346294292,177.48491541695208,P1:Not Focused,0.8903008724427031
1784076961.894837,0.30574717466700446,1.5015929363799483,-9.718400605773635,76.58544637791545,177.84984194845393,P1:Not Focused,0.8919740240694192
1784076962.0790138,0.3088256606755785,1.4970181283055337,-9.358142216413453,76.53582914534596,178.14821329975422,P1:Not Focused,0.8836857251457249
1784076962.2865617,0.31280463266390485,1.4928536962637835,-9.274185540820183,76.50975029292934,178.26492594883658,P1:Not Focused,0.8728324627135637
1784076962.5017269,0.3241334210372433,1.4960801160090995,-9.458141780804983,76.5344352366359,178.10744576399418,P1:Not Focused,0.8525850678179242
1784076962.6985145,0.3482577681383364,1.5020205399327127,-9.800170760757284,76.55940667489071,177.7543473231928,P1:Not Focused,0.8066741703307421
1784076962.901885,0.37237778446401537,1.508862280366036,-10.192969228358319,76.62912686989593,177.37844023448048,P1:Not Focused,0.7643633696952294
1784076963.112095,0.39519416772414867,1.516784965517833,-10.421094660355992,76.7722215345616,177.10528690672726,P1:Not Focused,0.6804687038289605
1784076963.3939495,0.43660240580541904,1.52449776787781,-10.68253937692912,77.00232849892681,176.66320627515196,P1:Not Focused,0.5627920325187357
1784076963.6069057,0.4364637137705955,1.5269462428397775,-10.993271665337216,77.27351414513771,176.23926525675137,P1:Not Focused,0.5551669233162663
1784076963.8970177,0.4393180725717089,1.525699764065577,-11.19798372444777,77.47578655955894,175.94310184985312,P1:Not Focused,0.5926799382903634
1784076964.1274798,0.44566374960246147,1.5278906101741612,-11.488955768377327,77.68994681728091,175.56432772202865,P1:Not Focused,0.5878528523456821
1784076964.3937802,0.4482452291159545,1.5273491458356547,-11.745664881156788,77.88260614507182,175.2022029855257,P1:Not Focused,0.5877153971650049
1784076964.5896676,0.4480667472087507,1.5261422719850366,-11.842818208292773,78.03631940453191,175.02107456909505,P1:Not Focused,0.5856034794713294
1784076964.8239913,0.44478475758822855,1.5252727339758962,-11.76936932176417,78.16213799577217,175.0097721360929,P1:Not Focused,0.5890653615006964
1784076965.104005,0.4410616141922537,1.5266956372809881,-11.686742085779928,78.24828813625912,175.05633196837275,P1:Not Focused,0.6005225594036364
1784076965.413594,0.4353603725483722,1.5256907631860308,-11.509594421745383,78.3409990803074,175.15724479542692,P1:Not Focused,0.6101493438593212
1784076965.6844587,0.4312934112193737,1.526072770806672,-11.323726420871603,78.36043683214862,175.29405746753008,P1:Not Focused,0.6265646952776336
1784076965.8999865,0.4276959305318724,1.525380371462343,-11.167534253397639,78.33598721460083,175.48411152287787,P1:Not Focused,0.6265689016617948
1784076966.1057818,0.42594583691551147,1.5254332871090113,-10.958288925028711,78.17727841348835,175.72719905655202,P1:Not Focused,0.622337009343842
1784076966.2955196,0.4227992413236919,1.5270985320148625,-10.763736214084407,78.03766424157809,175.93233981544986,P1:Not Focused,0.639840725957505
1784076966.4867783,0.4166260846143328,1.5252361330274362,-10.404422860927719,77.87882225817401,176.26925679101333,P1:Not Focused,0.6565381558543476
1784076966.6954105,0.41262243939545284,1.526303210333877,-10.118445321274168,77.8220469318389,176.52661628603283,P1:Not Focused,0.6640579209254118
1784076966.8921325,0.4089455936587939,1.52466641997168,-9.864711655301706,77.75034946461257,176.7496645164996,P1:Not Focused,0.6805033851264057
1784076967.1191344,0.4092765359243159,1.5251636675096347,-9.720660012693653,77.67597629656103,176.87778533636873,P1:Not Focused,0.6748572511495541
1784076967.3817763,0.40912639141963253,1.5237480301956796,-9.581056943830434,77.67821758059287,176.98457057367128,P1:Not Focused,0.6895665072331512
1784076967.5937517,0.40978475092879485,1.5235216752932552,-9.503723235192794,77.62359681655656,177.05405142376378,P1:Not Focused,0.6271865943591328
1784076967.8123345,0.4103997596634251,1.5219536332457344,-9.468907224369497,77.59048928410455,177.0293636608251,P1:Not Focused,0.6213916343297214
1784076968.0949066,0.41089335949630745,1.521223033793099,-9.419360823166324,77.62616181854699,176.96601396077432,P1:Not Focused,0.6312145310596221
1784076968.295378,0.41193750679986796,1.5202674990237746,-9.391541440441127,77.65179567462006,176.8784101931597,P1:Not Focused,0.6223885551152357
1784076968.5028315,0.41299626777220944,1.520875358002279,-9.34799106161793,77.68955287489504,176.83253832283594,P1:Not Focused,0.6195083668424444
1784076968.6940289,0.4098938301004916,1.5206066498134132,-9.371988485473818,77.6951618889224,176.73339488477973,P1:Not Focused,0.6250852610046659
1784076968.8961966,0.40924931524323005,1.521451293999058,-9.303124918761005,77.6664744872382,176.7484200242431,P1:Not Focused,0.6297283269878498
1784076969.1048133,0.4098880292924503,1.524659141017008,-9.288820333028317,77.7385590753809,176.66223895596994,P1:Not Focused,0.6407381094854308
1784076969.3376937,0.40994484378156193,1.5259755710932186,-9.243149637649799,77.77867770733941,176.61807211823879,P1:Not Focused,0.6374734162883423
1784076969.5940046,0.40935700879212983,1.525937124373202,-9.203471175454386,77.76060629803794,176.61754088653402,P1:Not Focused,0.6357362264338118
1784076969.794058,0.4088685066312821,1.5269657893989463,-9.068941462273978,77.76995843687243,176.70090280673347,P1:Not Focused,0.6385133104402865
1784076969.99555,0.40611007602460825,1.5267679247928148,-8.958251007420262,77.83408962369904,176.792588237036,P1:Not Focused,0.647466455225439
1784076970.2039814,0.4050932820323646,1.5281042873132962,-8.819273546966155,77.80744748889536,176.93427918247252,P1:Not Focused,0.6462463473788322
1784076970.4919336,0.4051388414449021,1.5266732164988241,-8.716561157918802,77.73505916476962,177.10265356819042,P1:Not Focused,0.6389290051926261
1784077248.434617,0.3906230953374279,1.5117534225627385,5.823781880605685,-62.50773204416525,173.86872524336997,P1:Focused,0.7122578312164715
1784077248.7246568,0.40113651368812275,1.512801924441478,6.1568813770489665,-62.488289456028426,173.60807792421565,P1:Focused,0.7420565884107483
1784077248.9358013,0.4210794660342941,1.513403658528925,6.362021155666139,-62.49647592147349,173.60834211884261,P1:Focused,0.7721719878336031
1784077249.1468444,0.4317901107635261,1.5130013169107783,6.460904390029251,-62.50170721072584,173.69466456497057,P1:Focused,0.7930923063570615
1784077249.42601,0.44449048567740307,1.5159064353076261,6.49454408327492,-62.467838317012436,173.72455541534433,P1:Focused,0.8369473674042177
1784077249.6295273,0.4576853669284306,1.5204867751039017,9.946759629824419,-60.116020382518734,171.59014926102745,P1:Focused,0.8809906744377966
1784077249.8533902,0.4706922798993006,1.5249568572126873,12.970315253055341,-42.38967584419057,125.07398585915816,P1:Focused,0.8905010806144473
1784077250.1183865,0.47945737720342696,1.530358143528959,13.873476880672488,-27.181815279163523,90.47944484719913,P1:Focused,0.8816715315207632
1784077250.3392897,0.48648041782042156,1.5345437359562208,9.84874060107421,-17.002853919031914,99.57681090626981,P1:Focused,0.8635272357704895
1784077250.627291,0.4895945588046862,1.5335176043535932,9.427771709355731,-21.690903396406313,107.09040580678356,P1:Focused,0.9092247097051989
1784077250.854815,0.49671038608696094,1.5341474382326092,9.044242721716149,-21.70175833985046,107.43497807463181,P1:Focused,0.9117860769868061
1784077251.1209848,0.49825557157476175,1.5325231696286399,9.414313875447942,-22.012786038181403,107.32435224318661,P1:Focused,0.9162833269993361
1784077251.3474984,0.49650169123597643,1.5324902112610173,9.7332378807186,-22.346309411532694,107.21699568488005,P1:Focused,0.9161518994376334
1784077251.6349993,0.4899431262984068,1.5316796343281935,9.882852843175002,-22.584504114908736,107.15709987973462,P1:Focused,0.9132670983616974
1784077251.938367,0.48162636187077384,1.53004652363668,9.861406439506638,-22.773788379688227,107.18411075718214,P1:Focused,0.9031853521671783
1784077252.1103573,0.47190837570886013,1.5270184131630398,7.819707159380871,-24.26151432949999,108.450466189445,P1:Focused,0.8775252863405043
1784077252.3111305,0.46414862167080273,1.524033493316384,5.227685939061248,-37.03085061585203,141.35464057913092,P1:Focused,0.8620484095469024
1784077252.5161004,0.45570470870198293,1.519809001673103,3.744842961885518,-51.33499984358061,174.03539809295575,P1:Focused,0.8489562773856112
1784077252.7138808,0.4478682383821827,1.5139473092663118,5.409210162896601,-55.72485232661668,139.2246319446036,P1:Focused,0.8567122102401753
1784077252.9157128,0.44384934182190283,1.5154597329899735,5.492739494459189,-55.78495704822279,139.2261746925213,P1:Focused,0.8178640882409892
1784077253.1346638,0.4467989864014024,1.51877424836882,5.991368730148297,-55.984428656366376,138.93450258495295,P1:Focused,0.833670565639561
1784077253.359621,0.4522102116364447,1.5235131357052256,6.856657344379835,-54.934067313278845,138.48693221425734,P1:Focused,0.8445858351061674
1784077253.6556852,0.45953932963810973,1.524866218243233,5.300821969722508,-47.27233474943583,103.60002570259148,P1:Focused,0.8828061500691223
1784077253.9273093,0.47088194223396124,1.5263592217060644,2.6865148707237383,-45.955038019126405,104.11167525353763,P1:Focused,0.8750283132681713
1784077254.1290326,0.4777535376971048,1.5258790860580693,2.4837369054680454,-45.86606840370106,104.25815582284736,P1:Focused,0.8717516284734446
1784077254.339771,0.48647900858969173,1.5286400437276333,1.845871365523258,-31.908309617800022,69.95693447054461,P1:Focused,0.876533855392192
1784077254.53941,0.49359634497603677,1.5350614476968638,3.5017728231299072,-17.509536771703047,37.39564601673495,P1:Focused,0.877765989332077
1784077254.7258427,0.5004985808892568,1.540788319740962,5.104842970479955,-3.058121402696669,4.8402078487066715,P1:Focused,0.8927369380679171
1784077254.9153311,0.5047514335639918,1.546500161902698,7.938996688133281,3.0058237420933667,7.488948896168924,P1:Focused,0.9045510123811296
1784077255.1328886,0.5079438105110003,1.5476441499255706,9.572914661383155,17.607313118735696,-24.87429857420816,P1:Focused,0.9040020880443201
1784077255.3234859,0.5083063102571146,1.544334996017169,11.047555525268146,32.18188652102934,-57.27159911633711,P1:Focused,0.9018159522651059
1784077255.5255234,0.5100972931589732,1.5434932454409154,11.551748886731872,45.84815800942822,-88.7932441773735,P1:Focused,0.8995018974126198
1784077255.7276814,0.5049088173993703,1.5429629080729934,14.526592047056255,52.9101391148731,-85.88472855113015,P1:Focused,0.8963061368841575
1784077255.9354596,0.4996318722148289,1.542375485276747,17.08645049940703,51.568608906164876,-86.22916174435018,P1:Focused,0.9022891804219337
1784077256.1257102,0.49826094980472435,1.5428605986432413,17.552657656604936,51.42682477616294,-86.39096306142815,P1:Focused,0.8981608457986521
1784077256.3307886,0.49283975792620244,1.540362013724875,19.02664397196876,37.679466349775296,-52.52948896957825,P1:Focused,0.9100887050350539
1784077256.524415,0.48610118983273215,1.5329579151384236,17.19386580465495,23.259667789602304,-19.70780368211712,P1:Focused,0.9058766343314142
1784077256.717529,0.47931044809800544,1.5255953563538085,15.792992056325048,8.798146983183315,12.794826713951462,P1:Focused,0.8971727928183815
1784077256.9190388,0.47569368621421393,1.5203715826820692,14.24613093105648,-5.701249503190194,45.20455308228136,P1:Focused,0.8937928470958875
1784077257.1319485,0.4710477735316066,1.515981709751085,12.531176908733007,-20.25131496286847,77.65928246606433,P1:Focused,0.893830434048187
1784077257.3296843,0.4684290807052663,1.515176729016877,10.563223618166784,-34.70544491133292,110.41187355661786,P1:Focused,0.8882104806065175
1784077257.5411692,0.466295230484629,1.5123438538062737,10.385189336757652,-34.881595353416074,110.09410259711858,P1:Focused,0.8811701190936743
1784077257.754811,0.46532161905406194,1.5114536236758422,9.687753775804008,-48.442780543673784,141.53750770886995,P1:Focused,0.8981065386337311
1784077258.037285,0.46647933539981523,1.5121936164642598,9.291911711822065,-48.22517417287686,141.6306824540074,P1:Focused,0.8845503519478978
1784077258.2352395,0.4664721196429332,1.513872472731139,12.592295638193168,-45.92558087128598,139.36852435729577,P1:Focused,0.895299457018403
1784077258.4419541,0.4657783569807722,1.513791752307751,10.243640882269725,-45.809701426527454,104.73309802274218,P1:Focused,0.8892315081227085
1784077258.6174793,0.4501532428296235,1.5119839056981217,12.446735383371434,-44.464866951655395,102.80817811745578,P1:Focused,0.8867075611983947
1784077258.840404,0.4439777000274943,1.5125047545125387,14.97792534567284,-29.90541385235837,71.00220009354784,P1:Focused,0.8520319344479379
1784077259.0687308,0.4112499906471744,1.5096329351677649,21.842012009647796,-22.68075313518702,52.15657623163084,P1:Focused,0.648037630354946
1784077261.2202775,0.478904802758675,1.5466193616966084,-173.22079934618634,79.19820868139996,14.865548787298092,P2:Not Focused,0.9999439132130437
1784077261.4375045,0.5178250714926369,1.5305912899154612,-173.6844755528021,80.71751683683306,15.468001812977528,P2:Not Focused,0.9998931650840325
1784077261.6155803,0.5257747723979634,1.5436746497320897,-174.7260720277627,81.67231092117476,14.88631985992726,P2:Not Focused,0.9998772937106838
1784077261.8132873,0.5069246209236902,1.5332116556139208,-175.71047528411214,82.35755368583554,14.06856563889757,P2:Not Focused,0.9998825546681368
1784077262.032515,0.4569279751196628,1.5205326432972714,-174.54341539130505,82.94080288901822,15.145212896355417,P2:Not Focused,0.9999173331101214
1784077262.2322683,0.4365557435747604,1.5066749419554821,-169.54846613186567,83.60778121562545,19.584663969210002,P2:Not Focused,0.9998806696136696
1784077262.4687216,0.42879309352850975,1.4973890857946281,-157.75189729949662,84.28003838663719,30.82662223504057,P2:Not Focused,0.9997387258867109
1784077262.8865292,0.42578154180196576,1.4992477528411092,-138.9785572104557,84.32932423110465,49.452222024308014,P2:Not Focused,0.9992226372435974
1784077263.1492805,0.4195675204009254,1.500318635055879,-121.92022507765643,84.37199316279076,26.217455058199445,P2:Not Focused,0.9984542315626422
1784077263.351867,0.40899943137750905,1.4953726419117466,-109.98119685374195,70.059182568524,41.39619855766123,P2:Not Focused,0.9972199618115315
1784077263.5482633,0.3925284063819615,1.48817242453823,-89.38542262427588,70.54725410997011,25.506629269529192,P2:Not Focused,0.9940577839527981
1784077263.8310323,0.36983505261999705,1.484370330986906,-67.82179828396428,70.72076665313509,10.233400233176164,P2:Not Focused,0.9876700675000811
1784077264.0399935,0.3494874685025913,1.474957073695897,-47.57212098690068,65.03035976913768,24.12574452323993,P2:Not Focused,0.973272734568942
1784077264.3160477,0.34452354393974627,1.4749954294370646,-27.177433469312838,59.257239760096255,38.052926223433325,P2:Not Focused,0.9234573770780947
1784077264.5296648,0.3574046972519252,1.4784469821946078,-7.678160617216177,53.41353779354223,51.164724987923854,P2:Not Focused,0.7898639795586542
1784077264.7290728,0.3634614533369664,1.4848482886488417,9.301533497018209,47.395773175622416,62.014966172247775,P2:Not Focused,0.596773139217407
1784077264.9161613,0.3645703923874243,1.4910393671775195,20.500577115076275,41.24520803609551,67.66787028196697,P2:Focused,0.5659454827638952
1784077265.1231222,0.3659552778811111,1.4912132633889243,23.842896570252073,35.43894983493786,65.04641581779381,P2:Focused,0.627332763627815
1784077265.32613,0.3672092117506955,1.4901620269104232,24.915478965063407,29.636182695318762,95.72986643539716,P2:Focused,0.6430322675350582
1784077265.528046,0.37492399539469257,1.4937508474247596,27.69329268907137,38.18106537682782,92.62596526716509,P2:Focused,0.6809544291331022
1784077265.7371006,0.3864562761331223,1.4957751140249904,28.578895187884626,37.961090678762005,93.34746723112843,P2:Focused,0.7093725920456995
1784077265.9324055,0.36496857612271894,1.487833972095555,28.14493935240523,37.655825217389506,92.8733285588171,P2:Focused,0.6850640479106587
1784077266.1320324,0.37629108511761056,1.4932001094486544,29.957019008799307,43.16735636962308,64.08520050706929,P2:Focused,0.7329812901885346
1784077266.3211317,0.38089098975701197,1.4943661987516663,30.016486314978987,43.159659177457,64.16641697725754,P2:Focused,0.7487812919714006
1784077266.5362248,0.38623035195522093,1.4947030014248315,30.004827960316693,43.169205170038296,64.18864717550998,P2:Focused,0.7605421735049942
1784077266.7261267,0.38906881192671844,1.4939432434241833,31.849175045448998,48.6933645332774,35.66401587177778,P2:Focused,0.7889345733414967
1784077266.917889,0.35773297317196084,1.4804563161387871,13.736018702563522,53.32787399319416,20.879816147363705,P2:Not Focused,0.5008297331513016
1784077267.1271005,0.36072546860682403,1.47978556098859,15.04143537946473,58.89756794925671,-8.31152449317105,P2:Focused,0.5123461883135144
1784077267.3350337,0.36796277030284497,1.4806980208251652,16.742639914974866,64.51315882597434,-36.63434062080287,P2:Focused,0.5301647194387302
1784077267.531754,0.37429457697568314,1.4830583066856415,16.72997426828106,64.52783172505454,-36.273067078649305,P2:Focused,0.5765875066610423
1784077267.7379682,0.3739415210691489,1.4854673308891175,16.782221698493977,64.58477006046178,-36.22729175002062,P2:Focused,0.5448900494886264
1784077267.9383469,0.4093685776722973,1.4958119580546396,16.74335797418323,64.65793004147181,-36.153169709267424,P2:Focused,0.6477473477227677
1784077268.1383963,0.41306702829388897,1.4950036425209685,16.064942797136645,64.65472445113232,-36.63231060999593,P2:Focused,0.6549880502314207
1784077268.339735,0.41687882242860697,1.4961341753993023,13.759241122829948,56.14435297426235,-34.458923989669984,P2:Focused,0.6513517878148269
1784077268.5346234,0.4120457319721015,1.495964601729246,14.860142075212014,61.63162257447543,-63.64296729091594,P2:Focused,0.6571881117648096
1784077268.731353,0.41171323956528394,1.4974134804900987,13.86728830832865,61.608882900750814,-64.48650614525002,P2:Focused,0.677369574642845
1784077268.9357164,0.4117085175257057,1.5023282803716562,32.11163956742051,62.337561578027206,-80.18107199414808,P2:Focused,0.847406981358347
1784077269.1396759,0.4106101681106937,1.502873703290215,31.741614626059327,62.28591174292969,-80.54220508819665,P2:Focused,0.8334486185535438
1784077269.3313637,0.40564044878158667,1.5033583455549822,31.406244900581164,62.18800188617513,-80.8199162097814,P2:Focused,0.8233121118314629
1784077269.5278447,0.39993550185988763,1.5030320277509082,32.919674446086105,67.68671052784975,-109.6411716079792,P2:Focused,0.8134552848151185
1784077269.7390952,0.3968659868941776,1.5005394296113752,32.52240003049277,67.58354630235726,-110.0216507197254,P2:Focused,0.8034373379445862
1784077269.925251,0.38908891070389034,1.5007994044071775,33.16098064243989,67.59243483746899,-109.52720269397568,P2:Focused,0.7825749950153654
1784077270.1209726,0.3753749486020937,1.4964776472998107,31.97193527541101,62.10195745307318,-80.41972266983086,P2:Focused,0.7390486614235898
1784077270.3162835,0.36327140661113,1.4918637917974862,34.23794891240429,70.61452648507301,-83.38636430063394,P2:Focused,0.7208475863856101
1784077270.5313218,0.35659510697712127,1.488161671021888,33.175958065832894,65.09465201680601,-55.10175080802346,P2:Focused,0.7003763043916114
1784077270.7280796,0.34960587952312383,1.4850206910852628,32.30457611624573,59.573592977143946,-27.003494803740445,P2:Focused,0.6721439543548852
1784077270.9177554,0.3761883944262951,1.4902120659436626,32.209261593893906,54.191341476677415,1.1837001884114755,P2:Focused,0.7491296751598556
1784077271.1283183,0.36957705692900966,1.4861885924575091,31.22666523378958,48.67757562000419,28.66499898712309,P2:Focused,0.7153784937607222
1784077271.334546,0.36691282002750847,1.484599619631987,29.856733585593098,43.15169529236953,56.636534767626316,P2:Focused,0.6941728190575006
1784077271.536051,0.3683696340571495,1.4836644984311573,28.42923533511651,37.628147872045126,84.69737024511389,P2:Focused,0.6585531376325506
1784077271.7351575,0.3730141379308109,1.4845350846469427,27.161762677557608,32.14889587748699,113.7079516853548,P2:Focused,0.6653251625831426
1784077271.924754,0.3787540089822635,1.4851657672039447,25.445770755918808,26.648717009611676,141.81806634103987,P2:Focused,0.6812263075504086
1784077272.1246667,0.3903606324650654,1.4880734174512555,26.74968782629146,32.11139503523765,112.78480711957846,P2:Focused,0.7493063206518095
1784077272.333226,0.401622094807008,1.490928587237936,27.964047651042314,37.59394206120413,84.4534746143015,P2:Focused,0.7824284545137437
1784077272.5279238,0.4184963129217468,1.496309533078821,29.3016495525128,43.09838664668642,56.46298139670107,P2:Focused,0.8444323700659537
1784077272.7240803,0.43155765340983565,1.5008276086794556,29.56276128663984,47.63170757760213,27.46852720609162,P2:Focused,0.8516151413657352
1784077272.9241776,0.4450238999343,1.5043688950501337,27.464825043865837,39.05159875932822,31.587206425438477,P2:Focused,0.8760922900223461
1784077273.1188464,0.4552144589228725,1.5077017735653322,25.22448905154456,40.560410629668965,0.8139444478709379,P2:Focused,0.8732300602243436
1784077273.3181472,0.4639730939615821,1.5099650046430915,26.345468759069558,45.98265100509343,-27.2749246178466,P2:Focused,0.8912229085383261
1784077273.5204268,0.4709808627246039,1.5115184282502807,24.30740131323353,37.32049161182351,-24.326243711891685,P2:Focused,0.9077961998384081
1784077273.7282076,0.47544648031729136,1.5133473257428243,23.558406231603794,32.635472955925906,-22.015882452260087,P2:Focused,0.9142603775572664
1784077273.9260602,0.4791860082230551,1.5150459573573172,21.316141292855786,25.018752507638403,-19.07121018291573,P2:Focused,0.911895293273229
1784077274.128886,0.4817781143785048,1.5166235677171604,15.512132318137594,11.80206539409907,-22.535658856033002,P2:Focused,0.9044068149784101
1784077274.3280745,0.4833270507949206,1.5180497645087851,12.237396355667945,-2.392401459932426,8.799871917694086,P2:Focused,0.8988931764798217
1784077274.5225067,0.4834309913239947,1.5198008515873256,8.867027142136514,-16.606982472666026,39.9904556803886,P2:Focused,0.889524216765433
1784077274.7288618,0.48365066290716846,1.5207077894694048,8.950613243728885,-15.767508330712445,40.65911481730858,P2:Focused,0.8926155799186851
1784077274.923621,0.4836104302252484,1.5252160476186991,9.422888901387031,-15.8656669203561,40.494481627424534,P2:Focused,0.8939557401690845
1784077275.1270475,0.4842724440014406,1.526994574346217,9.537688432723268,-26.20569001468211,75.58021865553806,P2:Focused,0.9034179463457562
1784077275.3279462,0.48553860314267155,1.5288062461914287,6.557523486806625,-40.43974837087775,106.96362508641691,P2:Focused,0.8867898036868715
1784077275.5547209,0.44747700498538184,1.5224423498732722,3.7646089633500184,-36.788854764066855,107.27928106451706,P2:Focused,0.842187462154124
1784077275.8302581,0.451862695022216,1.5231204561714233,2.787211911044033,-41.077260098414556,107.2998460950416,P2:Focused,0.8588765129204416
1784077276.04347,0.45667654362741283,1.5250672354157544,0.8188711608710719,-41.3358355228684,72.39983162118232,P2:Focused,0.8475053874034952
1784077276.2220325,0.4584519150583211,1.5275867610185612,1.6526587955246697,-42.01802314807882,72.26541710446969,P2:Focused,0.8616667055531387
1784077276.4362278,0.4612109999708542,1.5288689822488668,1.5916842032417402,-40.63994609502319,72.76069685010484,P2:Focused,0.8589943899540943
1784077276.6228673,0.4632468835188477,1.5291373286262264,1.9204696855368575,-40.85734161916329,72.69196548530348,P2:Focused,0.8638088588706656
1784077276.886971,0.46490350133499403,1.5281311001345088,-0.1352664384001331,-55.16040447620505,104.67422414529717,P2:Focused,0.8702037107088955
1784077277.150608,0.4650354717111006,1.526477857907557,1.3905855097158795,-41.30400036276895,72.83091821217785,P2:Focused,0.8663096279648386
1784077277.462471,0.4656840241806031,1.527206547191384,2.0312747656006307,-41.32450121225884,72.45437831259802,P2:Focused,0.8751821211868038
1784077277.7163038,0.4648287468496356,1.525329818416914,2.311871480640747,-41.37203056920978,72.31189350526711,P2:Focused,0.8582831058929822
1784077277.919947,0.4998701157578475,1.5324926967901753,5.55978466872143,-45.20663417354734,71.92319967501906,P2:Focused,0.9259151476733298
1784077278.1430426,0.49449207604967216,1.5340409180104149,5.863224520779707,-45.07551192311765,71.6649759960558,P2:Focused,0.9214572385293109
1784077278.3363028,0.4897263794206691,1.5316714445124229,8.36584421164155,-45.88026196036654,106.29663493700609,P2:Focused,0.9195558754684794
1784077278.5305703,0.4882885544420912,1.5306350602269094,10.247851661396838,-46.00904278571403,141.15970337199343,P2:Focused,0.9243970509240911
1784077278.7146533,0.48564037430085694,1.5292232415344718,10.64436690762938,-47.26857597851019,140.55527593194734,P2:Focused,0.9278209486553777
1784077278.9599843,0.48296504775009463,1.5267299050890952,10.596879333759135,-46.97806012387798,140.50803691553642,P2:Focused,0.9247499772862587
1784077279.221192,0.48038867199500423,1.5267655127031443,11.312691485281592,-45.55750157690086,140.04658602193575,P2:Focused,0.9401958243851803
1784077279.4051678,0.48136333530532643,1.5251538418659192,9.611978486045983,-59.35410667714408,171.94598520409875,P2:Focused,0.9258461076773065
1784077279.6047666,0.4835508760173379,1.5244055787811313,8.97637018790574,-59.08925181261558,172.13533522525967,P2:Focused,0.9212059993893591
1784077279.805628,0.48633767992352955,1.5260259638544749,9.145838731157008,-58.882492265359204,171.86345957170334,P2:Focused,0.9226950676583684
1784077280.006633,0.4912635758933831,1.5268739832131533,9.064648584704724,-58.76729807507265,171.80442999277366,P2:Focused,0.928138537600855
1784077280.20801,0.4928865561620336,1.5265661347517798,8.917661480156902,-58.72366116480758,171.81538060839026,P2:Focused,0.932103149467039
1784077280.4038377,0.49296989169925676,1.5286655995342613,8.880004483242866,-58.76651772750606,171.7174719819265,P2:Focused,0.9347369013560153
1784077280.614822,0.49184358731992245,1.5282877261169199,8.37783886360101,-57.654123687751806,171.92772205171573,P2:Focused,0.9087116326442428
1784077280.8213532,0.4930817651265464,1.5293831068051296,8.301698406308086,-57.74049998314756,171.84480990264652,P2:Focused,0.9107328931438907
1784077281.0064769,0.4952923265743111,1.5320796931804748,8.346796856250515,-57.79839273941117,171.73839491349796,P2:Focused,0.9155506738145072
1784077281.2109227,0.4577750960307247,1.5248546757121857,8.849911551279428,-54.22071864977821,172.2175681454016,P2:Focused,0.8964151833346676
1784077281.405556,0.45776114558328224,1.5254060611757914,9.139435454481387,-54.511889411335616,172.1190118280852,P2:Focused,0.8880487613155781
1784077281.6195538,0.4589694953452009,1.5295767226159498,6.71633581245447,-51.270119395993426,172.65416067730592,P2:Focused,0.870639883541703
1784077281.8068542,0.462045383668916,1.5334167247075297,7.038417563571035,-51.93824485624326,172.69475453025365,P2:Focused,0.8893062486653015
1784077282.0049691,0.46507295791123093,1.5369102016234546,7.538817184707028,-52.59468267266955,172.65043346582013,P2:Focused,0.9087244695400518
1784077282.2048454,0.46453641595406747,1.5375008256903717,7.725772991729532,-53.11072352306385,172.76390599156076,P2:Focused,0.9055831709681449
1784077282.4045262,0.4585153705540413,1.5388151179962517,7.802450795229248,-53.62890876261753,172.97351662389704,P2:Focused,0.8864502639012494
1784077282.605008,0.4546646542684957,1.5413952572392478,6.5128735418558446,-42.048617469154955,137.73646356941833,P2:Focused,0.8352938161047515
1784077282.8073568,0.44380690545408796,1.541758439587072,6.586582758460365,-42.606238699287765,137.96262797480736,P2:Focused,0.7948880512881816
1784077283.0044513,0.42430338820960145,1.5423876348760703,6.486447210206698,-43.14699936883449,138.28310720250838,P2:Focused,0.7402286285431731
1784077283.3075154,0.44966257608908605,1.5507320489452032,5.0559238300704425,-48.415142466630066,138.36279471428549,P2:Focused,0.7847606064556376
1784077283.6603246,0.44375973856058487,1.5565199377748304,4.635285559889053,-48.60293261446806,138.64191224756215,P2:Focused,0.7363303431595465
1784077283.916223,0.44213091862976855,1.5596254520486996,6.554442352385365,-52.19080890085321,138.41302940285848,P2:Focused,0.7531661059963566
1784077284.1256773,0.4394593825470722,1.5619685118926807,5.366936113867343,-51.884683425019674,138.87139160699556,P2:Focused,0.7052777642790825
1784077284.333477,0.4397302637244124,1.5667827332252884,5.078705678122487,-51.12137611896469,138.65530564394902,P2:Focused,0.7190740391886564
1784077284.6556582,0.44276603656869745,1.5691917024298048,4.25649872554426,-50.66432929087854,138.68055942915834,P2:Focused,0.7184869267821101
1784077284.946221,0.453978427691201,1.570887857957341,3.6542482325140555,-50.30558054552675,138.67641820435796,P2:Focused,0.7247744016369351
1784077285.2150223,0.45294326875958496,1.5695637872333839,8.30642056619245,-48.90612733018454,142.18208936411096,P2:Focused,0.7536029632225995
1784077285.4248815,0.45914147279516887,1.574974353736912,9.086994996201614,-47.90757032386583,141.19608328154965,P2:Focused,0.7790989625720872
1784077285.6360166,0.4740076112779459,1.5791154261755946,7.347833870498649,-40.66834375159804,141.40075038356397,P2:Focused,0.818384431449894
1784077285.8514001,0.48079022917226133,1.5829675261633482,11.322527477186117,-28.670247203384776,108.27432458469279,P2:Focused,0.8759332393603235
1784077286.1563928,0.4814087886110044,1.581483768699209,12.331259174406611,-28.83741621823149,107.72671680403462,P2:Focused,0.9062402004580219
1784077286.4302044,0.4774491523274812,1.5803929090818443,15.363861077977973,-28.49871251316285,106.08789868114249,P2:Focused,0.9132060534956827
1784077286.7198818,0.4759456393401728,1.5787763383662934,17.05701178803817,-28.9649888730578,105.31051604045544,P2:Focused,0.9174360205995127
1784077286.9552634,0.47491599667533924,1.5781433301851115,17.76005676001818,-29.931674686074416,105.30026064567866,P2:Focused,0.9244605827066802
1784077287.3291378,0.47256160153850013,1.5804649610004968,18.651711417258458,-30.7558860114308,105.2481895494785,P2:Focused,0.9256522625096343
1784077287.6350918,0.4644233440811508,1.57919249073199,19.462448642057513,-31.485000314833588,105.2294778199454,P2:Focused,0.9332091091742583
1784077288.0151882,0.4679027652697895,1.5811638949330633,16.842566991323604,-46.468131946749494,136.72186971145067,P2:Focused,0.9160557518974778
1784077288.392178,0.46918418292084896,1.5783432316980792,16.08975875882182,-47.57276788065859,137.62327128005597,P2:Focused,0.9119384208024198
1784077288.6469488,0.4701410746801226,1.5744430765690727,18.46263138631212,-40.72550892010598,104.21180803961086,P2:Focused,0.9132204834213516
1784077289.5468078,0.47585764082900955,1.5739563705717068,15.408928734519382,-38.55710938402106,103.99216088528355,P2:Focused,0.9165619862124159
1784077290.5874107,0.4756739723880815,1.572021618817092,15.183173044342235,-24.33364175433011,71.25900024803528,P2:Focused,0.8935945716902911
1784077291.188093,0.46945543521986366,1.5665659939882741,13.534888403659618,-10.81388083337235,39.21433285571934,P2:Focused,0.8848217988382842
1784077291.9149158,0.4609997304720686,1.561730082314495,16.207092951084526,1.9380359280637656,6.5798667313017685,P2:Focused,0.8565496275392698
1784077292.5873613,0.45734266210573826,1.5573100571583012,15.047828431151212,2.3231746752620963,6.96334046920426,P2:Focused,0.8460189188423647
1784077293.329008,0.4572436407068782,1.5553180772056658,14.388139355179323,2.805529540876381,7.101422691953383,P2:Focused,0.8413050220365739
1784077293.8400953,0.45421775513269863,1.5544910531919718,13.8107510453206,3.729879041198218,7.055881372284398,P2:Focused,0.82864977390598
1784077294.170952,0.44856414738983,1.5541484478077152,13.585303684584492,4.000850106957579,6.872927816834545,P2:Focused,0.8150864464785185
1784077294.5136795,0.41215757298883277,1.5476152693393634,13.411234669700594,4.402354891019197,6.69109833787883,P2:Focused,0.7465122287543488
1784077294.882866,0.4114835295925171,1.5511221550493408,12.706265780884754,-9.474188114388133,39.458070320233794,P2:Focused,0.733340646615698
1784077295.1183412,0.4130028940330338,1.5529593657404286,11.84431356909164,-23.439430558624718,72.36002933133486,P2:Focused,0.745547652290178
1784077295.324671,0.41930314839921534,1.5555099670441863,11.106066618418721,-37.42773920761791,105.39768687777037,P2:Focused,0.7344770700122502
1784077295.518261,0.43175912981342873,1.5608506139602916,10.491268035371368,-51.47158408855021,138.5245936909657,P2:Focused,0.7848836681885769
1784077295.7085264,0.44270681574632836,1.565523441035142,4.549721265692007,-52.17767225779362,172.13002105445082,P2:Focused,0.7683393495583278
1784077295.9091966,0.44333296612980266,1.565429854893574,4.566216003979223,-52.04670559658136,172.03487154843447,P2:Focused,0.7630141834800658
1784077296.1307044,0.4418461799593909,1.5644393667053131,5.927385826384516,-37.82512042767728,139.2826927368789,P2:Focused,0.7625306273885349
1784077296.3420308,0.44617180023056646,1.5653201945602346,7.310160474840707,-24.139872813857217,106.58217806860164,P2:Focused,0.7714116859430081
1784077296.6491075,0.45533178883597236,1.5675466613623823,7.309679267999729,-24.157149087544827,106.59403231973404,P2:Focused,0.8040588288710886
1784077296.9281898,0.492838977269622,1.5737734549339304,8.20396214142602,-10.460230962146554,73.58183692475349,P2:Focused,0.8621495117721247
1784077297.127999,0.4936350577320461,1.5722850100515555,9.662343749098053,3.6403186184562712,41.211346220503614,P2:Focused,0.8637804016144001
1784077297.4302466,0.48907718381704834,1.5705506963644666,12.218792457858182,16.811751066570455,9.112837534733504,P2:Focused,0.8647175278269719
1784077297.7928832,0.4848312619347082,1.569270086905179,12.293150569791383,16.657563128648672,9.149174660356646,P2:Focused,0.8609372310504663
1784077298.135456,0.47915295448184203,1.5672021130983953,12.253100081944059,16.554469325440255,9.18144856539281,P2:Focused,0.8575068807943161
1784077298.4291012,0.4755361819438912,1.5666884673733448,15.705380849961688,18.998786884497576,-23.81982761113906,P2:Focused,0.872679928834168
1784077298.6292157,0.47535722317262846,1.5686821096282457,18.182817662852727,32.27557239632007,-55.997478171770226,P2:Focused,0.8765448134456784
1784077298.8296034,0.4768535644212874,1.569659808892832,16.912405344295685,18.02290959857594,-23.314499083465215,P2:Focused,0.8668596194568949
1784077299.0579166,0.4793582197835374,1.5697432438293368,19.36844808173647,16.359775319953815,-23.90972636783024,P2:Focused,0.8892345358308646
1784077299.3215306,0.47965159237311655,1.5670011742879222,20.483739684278838,30.668144615382737,-56.64802711605628,P2:Focused,0.8952998342326115
1784078255.4079447,0.5739372136432253,1.6824857778892157,5.513973969337667,-70.24375364435218,166.85727716865605,P3:Focused,0.9616425095787943
1784078255.9952574,0.4728033827835776,1.6426094409810132,4.867683873127707,-70.42985020160448,167.9661671515799,P3:Focused,0.8386347703927381
1784078256.3479025,0.4676471131343516,1.6211782772725147,4.579655404546947,-70.55545564357541,168.31496352213972,P3:Focused,0.8486024639788435
1784078256.7559037,0.38929742777732024,1.595325471318886,4.127760632284537,-70.53311086707151,168.88381135810644,P3:Focused,0.6873682684758659
1784078257.1135826,0.4212283318607911,1.5970670950613914,3.700213016515721,-71.12358597550036,169.22037757952586,P3:Focused,0.8260141098408622
1784078257.5449576,0.4189178092638621,1.5704757797953268,3.9650233886792265,-72.10308034783365,169.26736473900897,P3:Focused,0.8312158068043264
1784078257.933725,0.40939338825856847,1.5477723808091501,3.70262919883027,-72.73148385013694,169.67779305936705,P3:Focused,0.8184147168754111
1784078258.2885044,0.41042868151733314,1.5451243983669647,3.1714115012432815,-72.92037009309318,170.12422222970895,P3:Focused,0.8380881386459144
1784078258.6457245,0.4239427447923026,1.548602950481588,2.21247368299211,-73.18314450782336,170.8115113213263,P3:Focused,0.8355068221093827
1784078259.094478,0.4433817804924769,1.5529982334198982,0.7227885311769064,-73.62500175312057,135.75795603853734,P3:Focused,0.891984930529238
1784078259.408972,0.4476482292810008,1.5462060837993243,-1.2364031462407752,-74.39945908787863,101.27459769842771,P3:Focused,0.9182411448273137
1784078259.7635753,0.46358676505788043,1.5411379519647777,-2.9654350173982675,-75.07386231877453,66.38336621586433,P3:Focused,0.942851913433727
1784078260.1519868,0.4627184238430977,1.534345387358765,-4.801431052063874,-75.75607677435417,31.6811356578478,P3:Focused,0.9524223029962093
1784078260.5137243,0.4680152214859742,1.5424666300576122,-5.34527605093796,-76.20401130984767,31.804329809963328,P3:Focused,0.9273220133136918
1784078260.9301698,0.4207166613199444,1.529578219141952,-5.820619426470968,-70.3406525428063,32.598269053967634,P3:Focused,0.7699536077236465
1784078261.285696,0.41713739465478455,1.5337751692115187,-5.299345381627157,-56.10736008795304,-0.09276432671738633,P3:Focused,0.8125428025002164
1784078261.6441503,0.4042208187887666,1.5400423309424598,-4.626570595205761,-42.032288474922346,-33.23060044380179,P3:Focused,0.7982467932686259
1784078262.032459,0.39447504380704446,1.5346519613387697,-3.600484534826768,-33.4490610353014,-67.38996729738997,P3:Focused,0.7764540178105461
1784078262.41127,0.3699132175384407,1.5247644274823644,-3.5545243485093536,-28.99328877496934,-102.88550904879017,P3:Focused,0.7291484303185979
1784078262.8122725,0.3400552714460991,1.5217362298519548,1.600448956523905,-29.580098733614385,-70.02924779284677,P3:Focused,0.818130859417324
1784078263.1775925,0.3114792179293487,1.5197873755877898,7.445528083829584,-30.1474798925395,-37.659622989081086,P3:Focused,0.7630488572440927
1784078263.537522,0.2943918913676615,1.524254462877355,10.797588897776592,-22.708310562590455,-36.89008076554886,P3:Focused,0.6850433268826757
1784078263.7927847,0.2822151667587862,1.5274835087634704,16.183390329260025,-23.084436867128677,-4.285593771393988,P3:Focused,0.734538701718993
1784078264.173887,0.2943322753164245,1.5197987802172965,20.465142922754595,-23.648908901804997,-6.763451900604727,P3:Focused,0.8210317962404224
1784078264.5290961,0.31450724367246874,1.5173398560741422,23.28609450201938,-30.24943129216237,-8.437121668722366,P3:Focused,0.847430189891483
1784078264.9265716,0.2998721663292044,1.5049203224734236,23.365047555588493,-30.202905274531485,-8.289923823158436,P3:Focused,0.6899441120520545
1784078265.3198135,0.29505849459296957,1.4922741704753668,23.76384171502357,-30.13256295868925,-7.990041617284783,P3:Focused,0.7008581274335444
1784078265.668303,0.30435196488269906,1.48165691955556,24.594578018014854,-24.820903119063868,-6.380347726961131,P3:Focused,0.6973389597861909
1784078266.0597064,0.3123104794408128,1.476124275485709,27.264646177891144,-14.94449291757095,-3.8561005693445907,P3:Focused,0.7059304525375609
1784078266.3973956,0.3161671745023116,1.4635098317836897,25.385517985875772,0.31048010337018467,-34.295649165749964,P3:Focused,0.7140682258785022
1784078266.769168,0.31869039198177623,1.4495476506251528,23.05321323849582,15.572980130450574,-64.33930396185237,P3:Focused,0.6502136739280778
1784078267.140188,0.31468946347738747,1.4347202097106317,23.260487983561717,22.805175809688606,-62.56769925439046,P3:Focused,0.5920395937013915
1784078267.5548775,0.31271804553233984,1.4242724931406934,21.27944294995162,37.880437131886104,-93.01981130670244,P3:Focused,0.5560299434474113
1784078267.8822024,0.3092490557732863,1.4163774335315191,19.371962548278365,38.711409569642804,-92.30354172953454,P3:Focused,0.5196130965669762
1784078268.220931,0.31313739734142776,1.4186276812247145,19.038940414126348,39.565326515122486,-93.17145967003835,P3:Focused,0.5448413059726972
1784078268.5215633,0.3153412489525024,1.4348421823140105,20.2571713606843,25.76774520406907,-62.617272073855176,P3:Focused,0.5404098833738062
1784078268.837552,0.3229931210611743,1.4509437053473826,21.47796530314895,12.003462475771112,-32.174131240951354,P3:Focused,0.5893135680762663
1784078269.6094182,0.2957937469133224,1.4634032845347273,21.62402308400802,-1.2516265178518011,-1.907709811913378,P3:Focused,0.5480876419165688
1784078271.8385098,0.2710758710519093,1.4655251100805937,20.222706212532263,-1.5118382602090095,-3.021611968300732,P3:Not Focused,0.5126479147308443
1784078272.3017175,0.2485351973912545,1.4699630183867554,19.332266082179707,-1.9639488795635003,-3.630341343125289,P3:Not Focused,0.6015952201411963
1784078273.0365005,0.23001608803958903,1.4732254138674272,19.180275296929093,-16.280257923674444,28.44167145805802,P3:Not Focused,0.686532670945903
1784078275.6986432,0.22842537648298475,1.4824267397630695,18.20914325903181,-16.117600411016177,27.506946103251085,P3:Not Focused,0.6354061250185206
1784078276.0472052,0.20574658179052746,1.4898421762357041,17.401347146114794,-16.106871989565093,26.78737547058181,P3:Not Focused,0.7468044197701466
1784078278.6101348,0.1966123755425641,1.4965195921469228,16.97874078017125,-16.061290104680715,27.272104523363065,P3:Not Focused,0.7556161246116398
1784078279.3196044,0.23442763047018192,1.5171514506451742,15.077093489303769,-1.8035875046202308,-4.868590324457443,P3:Not Focused,0.7032191426565926
1784078279.8873255,0.26840848681900675,1.527171189943531,13.055162819690043,12.462414739033884,-36.71219239543287,P3:Focused,0.5096483215881021
1784078280.4632611,0.2982711634416462,1.535956945298318,10.949871834957989,26.800087363788332,-68.39668965861927,P3:Focused,0.5423461048171627
1784078281.016131,0.33346767567193786,1.5478263794162466,9.287115059811537,40.68018547191923,-100.33716889475036,P3:Focused,0.6218973099780133
1784078281.5354636,0.3746136576639874,1.568992891817614,9.070910349548258,41.287782477816606,-100.65127432053487,P3:Focused,0.6503761731618407
1784078282.157025,0.41311636754416925,1.5787768798579749,8.839571353487361,41.83027306500414,-100.98307820913963,P3:Focused,0.8778389046583979
1784078283.536655,0.43334873344693864,1.578912246042392,7.391001379441214,56.43579551687403,-134.28488712168922,P3:Focused,0.8063514417291496
1784078284.140707,0.42804730131367197,1.5652070021062414,7.441487731996619,41.89675506839979,-101.39448730894074,P3:Focused,0.7288079184617323
1784078284.6358423,0.445429503036915,1.550648782429688,7.787469389084919,27.589646244274167,-68.64689466653036,P3:Focused,0.77698703529642
1784078285.1241472,0.4526927247028588,1.5396761176768012,7.099652957866826,27.49226902065094,-68.23809879218327,P3:Focused,0.803915789121282
1784078285.59789,0.41011213117299583,1.5148897848968434,7.455556439655803,13.253836908430708,-34.86272973944308,P3:Focused,0.7385095065394716
1784078286.1145177,0.3884764540999638,1.501753176230085,8.251909456489438,-1.0142991137578847,-1.6535454527367761,P3:Focused,0.6973892553969958
1784078286.54201,0.37101928267187595,1.4940974524041482,8.993136825251053,-15.264787175765623,31.48534604949034,P3:Focused,0.6182011483631688
1784078286.9716556,0.3612341749591674,1.486055256205678,9.76800218190823,-29.502656060468382,64.68666551200198,P3:Focused,0.6708171701891447
1784078287.4232035,0.3466315601596379,1.475874933296201,7.690525853537922,-42.51811063189071,64.18317249076054,P3:Focused,0.569150960481395
1784078287.844404,0.33246771708941736,1.4724777699542666,7.724206216402003,-55.93237384942603,97.2053312973217,P3:Focused,0.5523993497325885
1784078289.6796954,0.3327714342127273,1.4799063821480445,8.454109334190168,-70.29078427679708,129.9865702196078,P3:Focused,0.6547823233337021
1784379211.1279993,0.3979082861604568,1.189155785278801,3.0520036782723188,-69.07929518839991,173.91629278650268,P1:Focused,0.8239966615268093
1784379212.550768,0.401777119445175,1.1713885082673479,3.0007166429623826,-68.65261937713709,174.15983261523542,P1:Focused,0.8086672817837643
1784379214.048733,0.39281371651613267,1.164148608464925,2.924426562682856,-68.2701552056796,174.05291332239392,P1:Focused,0.8018018007370435
1784379215.558072,0.3922326617355352,1.1617402270856507,3.0136625944643316,-68.25902706777083,173.85442497726018,P1:Focused,0.804185601564727
1784379217.0537677,0.39005744457138186,1.155643957669376,2.9160685878217922,-68.21784366079069,173.8020229096939,P1:Focused,0.7951897678846803
1784379218.5599034,0.38834302987894537,1.1506612522330608,2.684953489870525,-68.10036014890717,173.83133414025315,P1:Focused,0.7935682099142195
1784379220.0282784,0.3872394289810069,1.150778251964239,2.6886710182015165,-68.03716645532577,174.1163615983136,P1:Focused,0.7904363471240079
1784379227.5149372,0.4260107162313327,1.2130043186712993,3.573676892115625,-67.89653721983622,173.01935729251434,P1:Not Focused,0.7484493643601233
1784379229.0850024,0.4518554505975254,1.2653111575090126,4.465180413379894,-67.81040207197147,172.0865738808361,P1:Not Focused,0.5785682184036312
1784379232.0213842,0.4689970549207949,1.293220359675905,4.85740153364808,-67.64214202684738,171.4591038135355,P1:Not Focused,0.6639636920887678
1784379235.0245147,0.487943867955371,1.3267813236110226,5.202401235397665,-67.08860894300545,170.49492818732068,P1:Focused,0.531216566473898
1784379236.5723248,0.5092660600413614,1.367663695010871,5.530848223197575,-66.66995249893354,169.5229603852003,P1:Focused,0.6488852213845171
1784379239.5338757,0.5001792444184154,1.374555632892554,5.75411305821495,-66.30366507546485,169.24717919847507,P1:Focused,0.7705204863583393
1784379241.084017,0.4955380545676327,1.3584441545816472,4.538901389474068,-66.61904220298882,169.36080158921575,P1:Focused,0.9151252887420513
1784379250.0766833,0.5115299534201492,1.3996113821764884,5.003181490655584,-66.35169936806929,168.46155954523914,P1:Focused,0.6477866770243205
1784379253.0435007,0.538461821504623,1.4511888045591583,5.650841492172645,-66.13403345761654,167.2557188054799,P1:Focused,0.6957842045755527
1784379254.600863,0.5614934118367485,1.490893334290877,6.044691204286572,-65.90942958370731,166.0010721634742,P1:Focused,0.8390840935140829
1784379256.0428665,0.5400197122487532,1.464789427916791,5.62495056140059,-65.75684928652154,165.8845387371294,P1:Focused,0.8710736550760423
1784379257.5709581,0.5133325567484546,1.4332062573456068,5.060271602560366,-65.57724091822523,165.95127140673006,P1:Focused,0.7935926497554243
1784379259.0517461,0.4886223428835835,1.390952530877812,4.577080156576027,-65.79127316913704,166.64036888116354,P1:Focused,0.9260791192081522
1784379260.575236,0.4669440881692816,1.3546753449544862,4.793750075795884,-66.30062111480547,167.2795988410747,P1:Focused,0.8169221909841327
1784379262.0656922,0.44581528637823187,1.3158505990211187,4.940480380074608,-66.77110745764787,167.64538464993123,P1:Focused,0.7472463260872704
1784379263.6397853,0.44689721718053843,1.3186919306611258,5.280562441043111,-67.18902447307389,167.2606934309027,P1:Focused,0.7391562133701183
1784379265.064908,0.45477896472736595,1.3431912326537554,6.960699983339138,-66.7633357631,166.61058132404233,P1:Focused,0.6755651793829716
1784379269.5646765,0.46131765346873255,1.3538342486733896,7.713220520906067,-66.81743699953475,166.81259086417225,P1:Not Focused,0.5977834793108814
1784379271.0181725,0.4306309218101515,1.3168173452913674,7.676367771655163,-66.91775060868352,167.91005270971436,P1:Focused,0.694998383216978
1784379272.5803149,0.4131584456558087,1.2810953542393675,7.465452239693678,-67.2469695795078,168.91767885902973,P1:Focused,0.8840188540263931
1784379274.0343816,0.39325426923860685,1.2572796955285839,7.224898394716658,-67.38358684670122,169.79697348513056,P1:Focused,0.8090882437113164
1784379275.5327325,0.3855855089199519,1.2327934528739573,6.776751722865621,-67.63489717111901,169.76147726104608,P1:Focused,0.8729935355004231
1784379277.0402267,0.3825371445221008,1.2354035926013882,6.654775505727312,-67.72752281256854,169.6054750719676,P1:Focused,0.8251943940993768
1784379278.6104596,0.3661676016626165,1.232175929701079,6.3028354525760575,-67.48461309154781,169.64918815992078,P1:Focused,0.6442013754014345
1784379280.0631328,0.3719161558118943,1.2303591411609713,5.9571996686172195,-67.57663766536237,170.29894503628248,P1:Focused,0.7059866865862258
1784379280.1009946,0.32750387331645137,1.0768141131056237,26.36758882922478,-26.45923151744751,129.04050623491742,P2:Focused,0.7804569772535803
1784379281.5552123,0.38720490719744877,1.235749000545639,5.823909811250185,-67.41341231251816,170.55245935559628,P1:Focused,0.5439659759317284
1784379283.0602124,0.38354821191291744,1.2243687626639195,5.368706070013342,-67.39930323507065,171.70871267796934,P1:Focused,0.6443007493896307
1784379284.5803149,0.3637431110932916,1.173429390354999,4.473422752999786,-67.45551131204941,172.6653631426829,P1:Not Focused,0.5431341460470507
1784379286.025225,0.36978129716996516,1.163035387726756,4.181158160507865,-67.67415926836199,137.4670342837425,P1:Focused,0.6919303217385083
1784379287.6015651,0.3547620008880169,1.1553669017170731,4.182507223822851,-67.76147000401727,137.76440881266703,P1:Focused,0.7122989798434305
1784379289.0200782,0.3501758809440599,1.1530307049414315,3.8896166480787597,-68.08275011497183,102.88072667317485,P1:Focused,0.6431703210458692
1784379290.5696611,0.3659437634917039,1.1891960454749002,5.187291496910521,-68.26020729078998,103.34844100826766,P1:Not Focused,0.7431088012178659
1784379556.5099142,0.38652672281736333,1.1967070046750292,-2.6186496011090354,67.20664421889195,177.76916565009032,P3:Focused,0.5952294142635802
1784379620.0375564,0.38652672281736333,1.1967070046750292,-2.6186496011090354,67.20664421889195,177.76916565009032,P1:Focused,0.5952294142635802
1784379729.5670261,0.24869887026741566,1.2492563955965488,1.3322208277613197,-67.8298054947492,170.30807266582835,P2:Not Focused,0.5697337215017448
1784379731.0730338,0.27408028521706285,1.190124944106528,4.0271118437071,-64.76558571193857,172.7546413246094,P2:Not Focused,0.5545951679059224
1784379732.5684915,0.2886417466737094,1.1438068441689362,12.345849689962696,-16.3607999455353,67.58319314674567,P2:Focused,0.5457847906589045
1784379734.0419443,0.3059358448968894,1.1512820999899656,9.860113285741408,-28.87523304380837,94.4859059663594,P2:Focused,0.5929607592800321
1784379735.5908062,0.30645239606200303,1.159579547172051,8.168449070080694,-36.24696928155231,108.93366103100907,P2:Not Focused,0.5767826854150381
1784379737.0357065,0.3022815825551037,1.1497765528284942,6.835361325434689,-41.23185997655248,120.05833534584258,P2:Focused,0.5284479589320142
1784379738.5986145,0.29795285923183673,1.1497675483431475,5.999416295882682,-44.75140907247477,127.74248407564076,P2:Focused,0.5120025875904768
1784379740.0377514,0.30944726731191724,1.1525808076669763,5.305470318424328,-47.710098209831486,133.6728781922774,P2:Focused,0.7297278456771387
1784379741.5533214,0.31885471646444574,1.160956302658548,6.897236266033488,-33.58619031574526,101.89200715206557,P2:Focused,0.8181711514747596
1784379743.0565786,0.32496745409199723,1.164209501795042,7.924114771347732,-22.368595504288077,76.30229734094738,P2:Focused,0.8357875582235252
1784379744.559821,0.3384878326880443,1.158040673522292,9.5246430316073,-7.694915491512839,43.86772298403488,P2:Focused,0.8329348852236146
1784379746.0055325,0.3424438373869364,1.1633708882743583,10.612016862728435,6.365272249836434,10.895405415810188,P2:Focused,0.8472768574068257
1784379747.5888987,0.338953799815108,1.1720833680035585,7.8629097590863894,-8.434499894070592,42.75956232696823,P2:Focused,0.7224594716060285
1784379749.025409,0.335576882163853,1.1674427438880053,7.847567720043026,-8.508120454311275,42.63659201507291,P2:Focused,0.6833160438650192
1784379750.5733242,0.3640341446211205,1.1978062847402007,8.307460438452452,-8.406425968768499,43.027612328282245,P2:Not Focused,0.7730934356488443
1784380321.0208812,0.38652672281736333,1.1967070046750292,-2.6186496011090354,67.20664421889195,177.76916565009032,P1:Focused,0.5952294142635802
1784380477.364649,0.38652672281736333,1.1967070046750292,-2.6186496011090354,67.20664421889195,177.76916565009032,P1:Focused,0.5952294142635802
1784380799.7122498,0.36087472869548004,1.1578702389387838,-8.229410996291561,16.919115327112042,61.41782319280656,P1:Not Focused,0.584510048161019
1784380801.1782157,0.3573163601599165,1.1707793093627856,-5.990905782478172,30.74125643775683,2.2918672512983207,P1:Not Focused,0.7461799987050826
1784380802.7040331,0.349496257955345,1.1472961652289217,-6.65092540734224,38.558310813100135,37.56450432814932,P1:Not Focused,0.6161023451894099
1784380804.2047927,0.3567191183269783,1.147035185767816,-5.747078480899391,43.52568066262409,2.086131659179273,P1:Not Focused,0.5147729364690428
1784380805.6698914,0.3216324411455969,1.1289029034336517,-5.074791402429983,46.70765732230881,-23.19925861199595,P1:Not Focused,0.6373618545090073
1784380807.2526462,0.3260066347138298,1.1201315275969521,-4.067199682396006,49.434994976460025,-41.81792413680479,P1:Not Focused,0.6747460314052585
1784380808.6753001,0.32650832934104773,1.1111685943500615,-1.905755770485021,35.210703912897124,-19.179754986107202,P1:Not Focused,0.5918455714344282
1784380810.2890697,0.3246066670626384,1.109836020932427,0.08434694329860441,30.39336673585882,-2.0959584290067794,P1:Not Focused,0.5559295593270155
1784380811.6789854,0.3188441537127339,1.0944531654977099,1.9276508952617468,15.52932111111915,-3.6945764470117894,P1:Not Focused,0.5570580869995296
1784380813.2867503,0.318053802753823,1.0778726857846568,-3.286201117777145,0.1742263701249911,-34.35413660259311,P1:Focused,0.5082931155301346
1784380814.7141585,0.3243377293928119,1.0733856580127075,-2.294800546260148,14.848587912625607,-35.066925691966524,P1:Not Focused,0.5090121029715486
1784380816.2597597,0.32482693715208927,1.0557687928777144,-3.2181144097007968,13.942233177023287,-35.35318584211795,P1:Focused,0.5043980110474187
1784380817.711308,0.3305394991068791,1.0531276861621282,-3.042196600151398,13.354075060800406,-70.93574521754621,P1:Focused,0.5096699956519912
1784380819.2546008,0.31450854704255243,1.0409828630850515,-3.376758972363241,12.832305798758046,-70.91706166842859,P1:Not Focused,0.5257702856502775
1784380820.639962,0.3314288132670146,1.0395254280074253,-3.5700025639743274,12.587424596182057,-70.85408349501763,P1:Focused,0.5101446321808573
1784380822.2657757,0.3261296947805744,1.0344456267254967,-3.29354609123373,-2.323011582216247,-36.4467490890227,P1:Focused,0.5646250811303949
1784380823.6746254,0.30009143266328375,1.0285319088737972,-5.082684432535817,11.907486451704605,-69.98156430163542,P1:Not Focused,0.6197294035135195
1784380825.248952,0.2908008809377788,1.0161185103174941,-6.819909956493033,19.805708381427376,-102.42425159231234,P1:Not Focused,0.692915264602802
1784380826.735076,0.2983758884101714,1.0193507184239845,-10.165398007748502,19.72556857620238,-134.2626505471343,P1:Not Focused,0.6659543365007174
1784380828.2681282,0.30683069985458233,1.0302706422184165,-16.467353784567376,20.044621677699674,-127.51855027946894,P1:Focused,0.5578956628128432
1784380829.6753862,0.3157636721586984,1.0374298102989417,-26.48177195791187,5.427643239626365,-116.43042770798783,P1:Not Focused,0.6158275579696652
1784380831.2267535,0.32755249331708686,1.044996062935433,-34.819309773618485,-9.259022366574708,-107.0230947979167,P1:Not Focused,0.6915160250640402
1784380832.6773899,0.3168553875359277,1.0439838969334825,-34.32605576857966,-9.39128945011262,-106.4126158330749,P1:Not Focused,0.8310787354607132
1784380834.1618328,0.30369158972867083,1.0380409731922393,-34.042645013542575,-9.580760829836072,-105.8897719251815,P1:Not Focused,0.8424455543466686
1784380835.749395,0.3028446067834377,1.0353180368941635,-34.2217115973544,-9.72027874111491,-105.60687761386339,P1:Not Focused,0.8602687750472502
1784381221.4929814,0.24894500546767817,1.1071573216913848,96.33153239519996,82.87273364963085,-72.96925241610171,P2:Focused,0.9639480106641347
1784381221.5475678,0.294898292988075,1.0347521610523889,-29.551908939922942,-10.331413012234856,-110.95224032963738,P1:Not Focused,0.8104570385789606
1784381223.1056204,0.2799452703420955,1.1122840945611778,60.00016029773338,19.35893576769117,46.1599087453268,P2:Focused,0.8972721641948342
1784381223.16468,0.31750395760249417,1.0416869980591283,-21.76324076916121,-25.398217482323474,-83.89642553171687,P1:Not Focused,0.6106131583549061
1784381224.6316512,0.3366280165676407,1.2071777980761123,44.383399348215136,-5.97611715247055,86.79992929338714,P2:Focused,0.6176278417333269
1784381224.6761541,0.3220492988815207,1.0466543119653386,-15.857565369949223,-40.77104578041173,-55.311258958071846,P1:Not Focused,0.517645408154241
1784381226.0804036,0.34443110503630436,1.2464013459831675,35.93223152722082,-18.53704716092483,107.5648922702179,P2:Focused,0.5981996949301134
1784381226.1244621,0.30233558386445397,1.0422635465486982,-8.51303282923914,-41.22638994811624,-27.988938273673558,P1:Focused,0.5165673560421528
1784381227.6207798,0.34706440303984176,1.2635241364445635,31.05258319719949,-22.838671480085576,120.36797959781389,P2:Focused,0.5045845034616914
1784381227.717752,0.2707437236349076,1.027391542760238,3.123099157585061,-27.084840384411514,-3.912166132706429,P1:Not Focused,0.5122923346818868
1784381229.1192088,0.36440774076538146,1.2707466228574966,28.957992456233526,-7.722276491176582,77.20460034561738,P2:Not Focused,0.5342781538910342
1784381229.1749423,0.2349245975695366,1.0185196581792917,17.263180329101488,-27.562017725867953,16.85923550525574,P1:Focused,0.5822130598696281
1784381230.5423834,0.37502869299736236,1.272274230281483,32.829636057415684,2.895183614773387,46.44012047367812,P2:Focused,0.6009251832723712
1784381230.5993176,0.20066612030737155,1.0113562588237561,32.67658153412362,-27.742358516357218,35.26425253996968,P1:Focused,0.6517806777964119
1784381232.0534024,0.3834489685336108,1.281477009843318,28.591607189897434,-3.0175423956259326,63.0510498519413,P2:Focused,0.6084163152789749
1784381232.1040416,0.1865034011378815,1.014279025419785,31.423559326660733,-29.748235713991722,68.40554551602922,P1:Focused,0.7666949430803949
1784381233.540267,0.38643353421022014,1.2837245441942327,26.790372987986146,-8.999049387334962,75.05230094863913,P2:Focused,0.6474043516422641
1784381233.5949411,0.1943316270504731,1.029463095730603,34.238371791952005,-38.55498025100474,100.73338218779718,P1:Focused,0.833635246470708
1784381235.0543704,0.373043537652565,1.2790036654412358,25.17573946871218,-12.874325419643037,84.75110884060396,P2:Focused,0.6092211465664061
1784381236.5785372,0.39127232212538465,1.2958725610850292,28.45660465441234,-13.188797495428833,88.13046916323059,P2:Focused,0.679705251037296
1784381236.6265342,0.19468844793230305,1.0378072888382956,52.556827016405826,-53.28789936768057,116.93258394711498,P1:Focused,0.9135864745439047
1784381238.0005667,0.39803010679181855,1.3084576989247634,28.24177599845627,-12.686365103844484,88.30834766097462,P2:Focused,0.6853560223331986
1784381238.046784,0.20327649116545202,1.0451567669160462,64.92728106061391,-53.18464518209348,104.51666480010681,P1:Focused,0.9489658248716757
1784381239.648298,0.19995456583209048,1.0477242213644824,74.92483460569824,-53.0915490365115,94.3000475101401,P1:Focused,0.9719642296281055
1784381241.0315795,0.4194377102483579,1.3378592095996982,28.785115073242185,-12.815854470596213,88.20328867048279,P2:Not Focused,0.5336258039139405
1784381241.1047435,0.19977320066849533,1.045987004732444,81.6257805808342,-53.030607016353066,87.66053017523603,P1:Focused,0.9670136917582622
1784381242.5737808,0.4309233187920549,1.3625342689584299,29.488261317539497,-12.93082375099066,88.02865546618506,P2:Focused,0.6163171469331041
1784381242.6399448,0.20716961891867572,1.0440041545879168,86.51774348294882,-53.01005487519889,83.04132021295304,P1:Focused,0.9748892872995291
1784381244.0444877,0.4485754756336421,1.396273118096287,29.933249398800278,-14.725288271588813,87.71005058739561,P2:Focused,0.6204187835671593
1784381244.0947697,0.22292753636451187,1.0437520048963465,98.81378342841165,-67.49774382670057,70.44735148889158,P1:Focused,0.9881587519895481
1784381245.5388114,0.4177347369112461,1.3740348056147713,35.74359967295561,-13.209301923626095,92.4804710972187,P2:Focused,0.9223236918693409
1784381245.5757532,0.24049898438581163,1.0396307174369046,98.29369344376695,-61.30269720773411,68.08348274404203,P1:Focused,0.9891661551847264
1784381247.087418,0.4020336619364312,1.353418611134417,32.71886913710189,-17.181850019598894,122.16952643148159,P2:Focused,0.8972439903847602
1784381248.5677862,0.3918618388879652,1.3305271580492979,35.43404496595725,-10.04754795106609,120.32858095213305,P2:Focused,0.9051472752032637
1784381248.6249583,0.26308026093789344,1.0402511448139768,94.687647826686,-55.44416285117943,74.39513720109339,P1:Focused,0.9888514828452541
1784381250.1112716,0.3837738767740496,1.31309224844493,36.83789996873855,-1.6634687814055003,119.0018935832212,P2:Focused,0.8952049444110716
1784381250.1677418,0.2793522439515762,1.0357836368193774,98.83041199153242,-62.398409620969424,75.33176552963187,P1:Focused,0.9913557157857819
1785052155.9565766,0.3929685168720906,1.1790022828147397,4.793177089115303,69.53155962093783,-167.7046023655176,P1:Focused,0.7155960255214349
1785052157.3000865,0.39037514669804063,1.17706134623623,5.828690130527631,69.99306895799967,-167.13803777555302,P1:Focused,0.717943591482696
1785052158.7255855,0.39974216741052376,1.1909972561004445,6.709214935418938,68.3348542532559,-165.51281673693597,P1:Focused,0.7186683983846286
1785052160.3242137,0.3904689797130271,1.184441085769508,7.404408867018037,68.6125985063428,-164.72996068171807,P1:Focused,0.7197438777497979
1785052161.7054954,0.3300886464042847,1.1763209513082413,8.649755261348806,41.4207069842157,-98.75849988235798,P1:Focused,0.5239081744922165
1785052163.3144932,0.33168506543140275,1.1947546584206397,9.54136391926468,46.724715900044906,-108.87092256862366,P1:Focused,0.544881605592106
1785052164.7332659,0.3370930038373188,1.198777558660744,9.988780630221912,50.19782570573459,-116.35498965377836,P1:Focused,0.5976021062621822
1785052166.3601403,0.3418852888953452,1.196713121759982,10.049445315662942,52.573946052165944,-122.09486382522579,P1:Focused,0.6425159797499915
1785052167.7282524,0.34856777987110293,1.201484288785019,9.953742407991244,53.590334424930695,-126.17594870903142,P1:Focused,0.6742851976068499
1785052169.2352126,0.32582540012704664,1.2066106608891587,12.191646684172236,40.566540429342545,-98.965625387951,P1:Focused,0.5968818416606246
1785052170.7434278,0.3171148393725941,1.2153392045522875,14.548906235643951,26.022274701238963,-67.24863211862838,P1:Focused,0.6296342349271986
1785052172.2985816,0.30354697351665505,1.222305932651648,15.960246185655896,12.06376858026427,-34.7783340884698,P1:Focused,0.5648284243468445
1785052173.689653,0.28235670503890775,1.2329559024762664,17.19368553581144,12.537542611544442,-33.84997582505321,P1:Focused,0.5183087441926
1785052175.2242715,0.28140038969024195,1.236433891858921,21.0851420155698,-1.7831040095412263,-4.0719633474008585,P1:Focused,0.5857415433687382
1785052176.7630842,0.47043326409369046,1.280229400983318,-42.56969780811995,-74.12683855042974,-135.53061131515068,P2:Focused,0.600158254450922
1785052178.1995544,0.4680013136008656,1.2384467995333122,-2.6731591202827167,63.16170379709621,-172.92243097574539,P3:Focused,0.8028425704899121
1785052179.8670325,0.3095216296505223,1.1620085618040008,9.159334599939525,53.45623113303819,-169.50982102351946,P3:Focused,0.5130744966370591
1785052181.2776632,0.3258976454497871,1.156335030606445,7.897508505264429,57.73891193798416,-168.9494346822585,P3:Focused,0.5650190722579957
1785052182.6615362,0.34190566086152374,1.1576161521477204,7.465287090320827,59.28870972251477,-168.14555553723983,P3:Focused,0.6825516637018509
1785052184.2289803,0.3583673120897794,1.159307456328016,10.167498439227973,32.481087035659016,-102.69316679905994,P3:Focused,0.7224614479346444
1785052185.6910868,0.3616548570715547,1.159762497755054,10.598532625707781,38.321252618628854,-112.63010309360983,P3:Focused,0.7053926592074039
1785052187.180061,0.46171018121266877,1.219030297603743,-28.47936283913926,-2.6786898428114085,18.133886708742125,P2:Focused,0.6160446826005033
1785052188.6041625,0.46857508608919013,1.20623351409389,-31.753003032844827,-25.121474280891196,-35.32924734001941,P2:Focused,0.6823407404173689
1785052190.1794152,0.4579642769055132,1.1352911857192887,-64.7795380060738,-77.12810295882359,-112.88132080399176,P4:Not Focused,0.6394256465881811
1785052191.674021,0.4620959391334529,1.1360827001165554,-66.6023640504159,-77.79672725511315,-110.08156411565861,P4:Not Focused,0.5627071752701895
1785052193.2142673,0.451953651402029,1.1299834967420828,-58.25572868279321,-77.24516862524719,-120.73451837332591,P4:Not Focused,0.5433627158048249
1785052194.6675196,0.46246055210327397,1.1313511555435138,-56.58876191557854,-76.0204947784874,-123.35100423916748,P4:Not Focused,0.5579017353341416
1785052196.2139971,0.43380875642952155,1.1171712633072264,-54.88440065743602,-75.54897541355174,-125.74824896107293,P4:Not Focused,0.5988781760575668
1785052197.7383666,0.4196180303803665,1.109158214000883,-60.12887877705424,-75.7221762228849,-119.68371148892011,P4:Not Focused,0.62359365582213
1785052199.1811678,0.4298774107963488,1.1138825224700992,-60.44833010642979,-75.48056559483055,-119.67915629457221,P4:Not Focused,0.6704872412400154
1785052200.7105384,0.4383966768199414,1.1158784603166458,-59.74548118757309,-75.1504239856682,-121.13890604697777,P4:Not Focused,0.6447827410717157
1785052202.1342943,0.4432707962947944,1.1158540239119996,-58.72564289650758,-74.95890764481118,-122.80582268118357,P4:Not Focused,0.6341130449046788
1785052203.6585572,0.446619091352449,1.1167963782441273,-58.803956398847674,-75.11024919993285,-122.76836349190721,P4:Not Focused,0.6173499644534612
1785052205.1838202,0.4509264759617995,1.115571320469978,-57.76652086992367,-74.88730236743095,-124.51852939497773,P4:Not Focused,0.5494059442192707
1785052206.7039719,0.45019784346038555,1.1106957393111703,-55.85158645587431,-74.35623551882712,-127.6238700025439,P4:Not Focused,0.5579873264881787
1785052208.211605,0.45224880903343784,1.1085576401062045,-56.373149822037625,-74.03845989588442,-127.56789531119,P4:Not Focused,0.5205784209592073
1785052209.702063,0.44798275762480877,1.1044744475725607,-55.875531128385305,-74.11900900939743,-128.67925517013842,P4:Not Focused,0.5054465822657628
1785052211.1710458,0.44395599881504155,1.101835502219439,-55.571966748328045,-73.98096642235677,-129.36368125322284,P4:Not Focused,0.5987173085830244
1785052212.7496853,0.4544554684607113,1.1040168158434525,-52.64389146453739,-73.74556016100995,-133.26540406998717,P4:Focused,0.5232948437461392
1785052214.2340786,0.44931546947143924,1.1011947568510467,-52.25252440758019,-73.77326375991706,-134.0098104990276,P4:Focused,0.5118536358882088
1785052215.777228,0.4316930471318381,1.098379681716352,-49.28602821884404,-74.61352615582652,-136.00619151662573,P4:Focused,0.5150603138381123
1785052217.1642537,0.43020166268360543,1.10486559630398,-41.53774294249146,-74.91725362869649,-106.49845474267083,P4:Focused,0.5701408242036283
1785052220.292102,0.40025017542967706,1.1202111676069886,-36.017694275217266,-60.00537521854111,-111.6807835965451,P4:Not Focused,0.5247469456985958
1785052221.7804887,0.3649490326466508,1.141384340289799,-30.81612483840376,-45.32906736742785,-116.0159977122109,P4:Not Focused,0.6495291235635869
1785052224.7243557,0.35141320737346143,1.164958043209514,-26.055195919538125,-30.925665957973433,-119.18619784513058,P4:Focused,0.5457528630765311
1785052226.2752788,0.3401143056339616,1.1858034343721684,-21.280664485265753,-31.52389670019354,-123.00201838148814,P4:Not Focused,0.5633841139556024
1785052241.1770236,0.1699200414095814,1.4098295140419417,3.786624996697924,72.3247889639989,-165.9108958372486,P5:Not Focused,0.9515957327664785
1785052242.8133783,0.243267311029252,1.4510654609712756,6.77730542219856,72.84150887905574,-164.68964988368492,P5:Not Focused,0.8747546443669479
1785052244.2004275,0.22132304413046086,1.417673984264593,5.981656168003229,72.1850871924999,-165.03355117801505,P5:Not Focused,0.8802407367566957
1785052248.747171,0.21541782384768743,1.4227054225931504,6.066829582591218,72.27866976426174,-164.7253708097991,P5:Not Focused,0.9426647498210312
1785052265.2140236,0.28503826889035755,1.4274596414558314,7.26489970305708,72.30404191322447,-164.8518435413332,P6:Not Focused,0.6863285282729897
1785052266.716686,0.3132768595936116,1.407075169019313,8.789511789848788,72.39727332303859,-164.54396805616054,P6:Not Focused,0.5559106285552052
1785052268.2416732,0.32325382640844186,1.377786071130133,8.29251554439255,72.14168879164662,-164.52963417613978,P6:Not Focused,0.5187852461722735
1785052271.2370853,0.32734107771704485,1.3970501445664476,9.415852297220596,71.79829281236866,-163.2938903554384,P6:Not Focused,0.6330670810810436
1785052289.2134743,0.3300684983762855,1.3475271044593806,10.418321355041826,71.70427212812476,-160.26514798592115,P7:Not Focused,0.5447945101038875
1785052290.779987,0.2822010523962927,1.3022350647801033,4.493275107634047,72.56016193238446,-164.84033461551644,P7:Not Focused,0.6659489072828823
1785052292.2719443,0.34319831164624154,1.341956383909192,3.4480591648368883,72.98147481531747,-165.3409208215022,P7:Not Focused,0.6699427201229146
1785052301.207247,0.3467365319739699,1.354908885195621,3.828691017890968,72.94449618452116,-164.79840919095656,P7:Not Focused,0.5815452984620328
1785052302.6947277,0.3247782424567676,1.3486202799892353,4.814035126597517,72.84717138135605,-164.60778088657437,P7:Not Focused,0.5628530439295703
1785052304.1878395,0.3039583417953072,1.3321095836040513,5.126279864747373,72.99722252639513,-164.6649424542636,P7:Not Focused,0.6408374063927822
1785052305.7963536,0.3245626831288302,1.2310328281031442,-90.88337550700638,-80.99885188536945,-67.89524786592754,P8:Not Focused,0.9789937434955668
1785052308.742703,0.29058924191495167,1.301788545334396,1.677621533859161,72.2703991398006,-116.6663866944475,P7:Not Focused,0.7676169978353882
1785052310.2378502,0.30088298999423696,1.2848579225522228,1.6281291958866464,71.3879098752822,-123.74508233360879,P7:Not Focused,0.7356337006133364
1785052312.191869,0.30398500856165805,1.2696218224262692,4.230284024290046,55.43876954790633,-92.90656242578316,P7:Not Focused,0.6764435316644029
1785052313.306016,0.3145198380454163,1.2582191850870115,6.630679764066319,42.758994363529354,-68.56583773141772,P7:Not Focused,0.5887847612380757
1785052314.7302308,0.31762925675326026,1.2377911101183265,7.07132135099552,42.538206649391796,-68.95036350297677,P7:Not Focused,0.6461128322457169
1785052316.1637428,0.32810932473694393,1.22571999608552,9.476795093800058,40.29415193780303,-67.75249806361984,P7:Not Focused,0.5481475888302226
1785052317.682246,0.30411651457260513,1.1881375114101744,11.73650817151616,39.42936712906045,-66.37310456099127,P7:Not Focused,0.5998134809483707
1785053076.8361342,0.5432690861088567,1.5640724914359971,3.74286508158524,68.49792450712816,-171.11933239733952,P1:Focused,0.9064316249117936
1785053078.1929016,0.5320305805304296,1.5545147496037424,7.388241556430086,69.34610439035005,-167.73391250513546,P1:Focused,0.9003398827615511
1785053079.7096262,0.5348694905781548,1.5445168167040813,7.517203957478398,69.51544378511123,-167.08005451751907,P1:Focused,0.9198511093240248
1785053081.1890182,0.5350612045309666,1.55107601716206,9.471483155741902,70.33060688810923,-165.42772554351518,P1:Focused,0.9090184029178835
1785053082.6684368,0.5255791223899219,1.5461936867419719,10.552469341239018,70.59628906967417,-164.71194537687103,P1:Focused,0.8955427925869183
1785053084.1893668,0.5165022564744998,1.549421789788995,11.049057519724682,71.03700451387546,-164.45117596818378,P1:Focused,0.8762914901896955
1785053085.6863773,0.5067503584928541,1.5483888093970113,9.08231928656272,71.18858876770595,-165.84042770507068,P1:Focused,0.852765228142335
1785053087.2090325,0.5060497886357838,1.5581487316976208,8.789223526175185,53.96943107492655,-125.15414729983432,P1:Focused,0.7105639000877034
1785053088.650542,0.5030117226104326,1.5554866549091715,8.411579582943746,56.55040812819158,-130.72729844692523,P1:Focused,0.8247133363430397
1785053090.17774,0.5066797673884726,1.5585292804994118,7.712521213521216,44.07213122945059,-101.02952241173152,P1:Focused,0.8203067318080934
1785053091.695844,0.4997492802712798,1.5596207594626634,7.153573059412385,30.397539445869675,-67.0768098160281,P1:Focused,0.800894722043791
1785053093.1665456,0.4910933399086179,1.564322280323702,5.884185032783099,16.471318834214763,-33.7811628674725,P1:Focused,0.7641950272653907
1785053094.693662,0.48141472604181035,1.5733044783826835,4.790301782308987,2.591848985771789,-0.29854912325698424,P1:Focused,0.7439037468065984
1785053096.2390532,0.47290831230545993,1.5752424038863306,2.890761174825282,-11.570688576207335,32.77225851300627,P1:Focused,0.7295437024196367
1785053097.6943808,0.4696598153573962,1.578758272230841,1.1282421724725438,-25.535631191968157,65.77007673947801,P1:Focused,0.6999374553298979
1785053099.1837344,0.4689250202945711,1.5829390699654566,-0.6211886297703499,-39.72473042798344,99.0781274438344,P1:Focused,0.7086361092356821
1785053100.678195,0.46265570987097987,1.604014813664249,-0.12863908694719686,-53.58443843506266,133.39230046931618,P1:Focused,0.5180999312997867
1785053109.6991339,0.4689866816231326,1.6003869268393949,-2.734103783870065,-40.656589072944605,134.83183967343535,P1:Not Focused,0.7379470234105593
1785053111.1787584,0.4760833957343554,1.6124964331960296,-2.619079859808932,-55.23438709476035,170.11757348199848,P1:Not Focused,0.5869528077311795
1785053112.7221181,0.4794492761100499,1.624767164150866,-2.003604358367462,-55.26595421163579,171.23111488125556,P1:Not Focused,0.5629005729758345
1785053114.194141,0.49318700694923906,1.6627539399366094,-0.8812460843062162,-55.3262312886291,172.1476227554753,P1:Not Focused,0.5464327526199363
1785053117.1895533,0.5136406252706927,1.6732604194268448,0.1647208851064912,-55.15829429048647,173.04303248538207,P1:Not Focused,0.6923889565424033
1785053118.679983,0.5185427200423262,1.6656861760684243,0.8781024758966727,-40.158819343380614,139.87050951092507,P1:Focused,0.7177207912745744
1785053120.1892805,0.5299298106597503,1.6651881326489495,1.9446495803080275,-40.059486608958274,140.62002060580988,P1:Focused,0.7107106353889749
1785053121.7060935,0.5294865772500277,1.6638716306902872,1.7911828645120622,-26.383202586377667,106.10714252096977,P1:Focused,0.9188584909763362
1785053123.1868794,0.5303938324899619,1.6590095760316501,4.437431728437458,-26.963585828861817,104.77378347017377,P1:Focused,0.9540342792026465
1785053124.6960838,0.5376544658229023,1.6452993338818818,7.561877597445263,-27.953702222513613,102.44429274328233,P1:Focused,0.9821051765328377
1785053126.1675212,0.5379374055797309,1.6473646339561365,11.779508026539057,-42.09083551825141,100.45011117566905,P1:Focused,0.9905419313492602
1785053127.668736,0.49450083897078134,1.640267740598972,11.562624046685926,-28.116276311618275,65.72707573300707,P1:Focused,0.9705621038764185
1785053129.1777902,0.4554115276511414,1.6279958151012572,13.835714936329286,-28.50106742895029,63.112293201513715,P1:Focused,0.962996561149334
1785053130.683573,0.40426162812090816,1.5896176530366302,14.477311109068868,-14.816409971916084,28.986483845803434,P1:Focused,0.8719702566641079
1785053132.223799,0.36233113778438064,1.576000884671632,14.79594235321637,-1.1649350590072658,-5.189692723877582,P1:Focused,0.841717591801217
1785053133.6901684,0.3470026373180912,1.5776900700311491,15.453152979045381,-2.398106460207276,-5.4005320413986935,P1:Focused,0.8560618500991626
1785053135.15918,0.32553388938979266,1.573523662155759,16.018867169761272,11.288776642896883,-39.603603863774914,P1:Focused,0.8224646936127821
1785053136.67845,0.2922956470549238,1.5634288416901796,17.88619842330543,11.323725547850037,-37.906911544630724,P1:Not Focused,0.5326707069301488
1785053138.1894007,0.2577221851640701,1.5622401305052882,16.355628150155148,11.757667415631285,-36.13980347973329,P1:Not Focused,0.8074313405530102
1785053139.7119799,0.2396720859294256,1.5586305580607798,13.339548217439901,26.8993385079173,-66.84803883639235,P1:Not Focused,0.8781124031021401
1785053141.1531785,0.2045493179839107,1.5586166834007953,11.336539601538817,27.639752568278812,-100.23473205466996,P1:Not Focused,0.9235758848741263
1785053142.6486223,0.22181915986131812,1.558481673123664,11.239052613259778,13.335330135353349,-65.33289778643372,P1:Not Focused,0.9032544975537072
1785053144.1534836,0.2240569069259477,1.5529866214573766,8.786414687403653,28.075243135376343,-96.45204978344096,P1:Not Focused,0.898250837382891
1785053145.6639495,0.2549347349180299,1.550422145099125,8.086972376030772,28.77322219990134,-95.98728925263887,P1:Not Focused,0.8533645041565895
1785053147.1694722,0.278267092002367,1.5521020809242534,7.930368266967736,29.386909277483426,-95.43486503709921,P1:Not Focused,0.8050548711371747
1785053148.6645792,0.28683971527235713,1.553571828452927,7.700163340379878,29.98519356107247,-95.0205247426343,P1:Not Focused,0.7992204134139367
1785053150.1842892,0.2874544668798042,1.5474883163351763,5.903282823010485,29.94092350210254,-95.88974586990068,P1:Not Focused,0.6539178626163202
1785053151.6839597,0.3222550779611316,1.5584900802283894,5.212620401650428,29.777662703910828,-96.28999569967657,P1:Not Focused,0.642640503416323
1785053153.2141218,0.3533551571603545,1.5587041549455822,4.999437254089184,43.74728197078243,-130.29228981000702,P1:Not Focused,0.5244725851589873
1785053154.7400641,0.367454902896112,1.556053678503837,5.299801585785067,43.26372844934619,-130.6900983609866,P1:Focused,0.5483096137104935
1785053156.1942637,0.3942716685904549,1.551767631777708,6.318058845136229,42.75520499743225,-96.12004471877972,P1:Focused,0.6068872013298398
1785053157.7201226,0.4136432419684993,1.5551998971528285,6.803197156033408,50.30506302243561,-131.67737072259584,P1:Focused,0.7000686711369207
1785053171.179904,0.4358011828614747,1.5599192732140876,8.328532760358064,49.86280254814689,-131.29502487461406,P1:Focused,0.69859948268952
1785053178.6926215,0.4700756344415078,1.6349026786624683,-48.25131840626184,-69.23431354287467,-148.44706778665036,P2:Not Focused,0.8690867928299741
1785053180.213544,0.4493802704683575,1.5627013833266852,10.753829419342598,48.85104148903861,-130.23464488971544,P1:Focused,0.7579915605439418
1785053187.646083,0.45785756591546073,1.5792289274240923,10.947944056888751,48.86877355810525,-129.67355793599125,P1:Focused,0.5638362071147632
1785053189.1664872,0.4600069984906748,1.5867967721073504,11.414639387719296,48.87777956359962,-128.83614104748233,P1:Focused,0.8212801727030091
1785053190.6456757,0.4662304587923979,1.6183803099488823,13.12357921960042,49.605309448410715,-126.63286160532289,P1:Focused,0.7437112125318077
1785053192.1469922,0.4512499888464842,1.6467933984042573,13.242984841075522,50.34746611189834,-125.8081363580271,P1:Focused,0.6970287354144818
1785053201.1873372,0.4515484923068344,1.663157381995577,13.994791243743526,50.881618506665305,-124.66376288162057,P1:Focused,0.7858664056936719
1785053202.6424592,0.4518690573630419,1.67042326180264,14.778053508297901,51.311125845480106,-123.4636194725272,P1:Focused,0.7941721237811341
1785053204.197394,0.4654777327965568,1.6814830058110135,15.80974634451115,66.10847647782286,-154.98130374627982,P1:Focused,0.7923872796093857
1785053205.7485783,0.4688525478319436,1.6862878584267176,15.798967457013584,72.97574958293521,-153.7761507423,P1:Focused,0.7738496543595097
1785053217.6878684,0.46665353625009576,1.7194830594685313,15.35412652206287,73.34204415925612,-153.68056219043908,P1:Focused,0.8299191551018882
1785053219.1759963,0.45896712921807925,1.7541068661538723,13.514159590761619,74.30661246182594,-154.38352967259237,P1:Focused,0.8930840272541947
1785053220.6869454,0.4443428437649721,1.7614142090305056,14.091544504657785,73.98856215950993,-154.21532846965266,P1:Focused,0.7425523609599627
1785053222.1883981,0.4449485338868261,1.776462507715633,14.114476290724747,73.70169731855549,-154.69831057745614,P1:Focused,0.7412090066784977
1785053223.6550674,0.44286511541956053,1.767054012122792,14.37440160830064,73.24609282841264,-154.86852045015993,P1:Focused,0.7522481554420303
1785053228.1787288,0.45806991226715,1.7522991311394445,14.637675816039783,73.19295417446361,-155.43155335044315,P1:Focused,0.8682998178545075
1785053247.6711216,0.43612340639088937,1.7536454321438684,14.738388667293872,72.80625510962257,-155.12756123259982,P1:Focused,0.5911369729692556
1785053249.1938348,0.440692236200492,1.7641667385764621,14.179628121000988,72.51756432367011,-155.54659375623947,P1:Focused,0.7309119290154523
1785053255.1834373,0.43749299861980295,1.7694599311308346,14.378053492541955,58.326108157522825,-125.55203768127691,P1:Focused,0.786693478603677
1785053256.6601481,0.43766884503414505,1.548131123570998,-57.2862617354631,76.88982422160107,121.60218782856937,P3:Not Focused,0.960611287307379
1785053258.158134,0.41371086554359604,1.5132132822514621,-37.48557974451816,77.3116565227532,146.34352126467553,P3:Not Focused,0.9143768587806219
1785053259.6881778,0.4710454616917447,1.5341231068387575,-22.259301107160578,75.97011672544134,41.77895962642663,P3:Not Focused,0.6060104381408483
1785053261.1607754,0.47531898256021465,1.5461696611713192,-13.806561213680498,74.02831286835567,-8.191256631254817,P3:Focused,0.5428345430889709
1785053262.7082617,0.39969448040426514,1.5360327517925332,-9.354711509995152,72.82233848008889,-38.787536151442424,P3:Not Focused,0.665327249176664
1785053264.1874664,0.4217734476226355,1.5476808958185055,-6.966207842970402,48.59462020381045,-4.889341452442015,P3:Not Focused,0.5411627385989617
1785053265.6901598,0.43649594821067034,1.5534404046696324,-5.177339948204024,31.225499167927232,19.297812254910117,P3:Focused,0.5330315556498407
1785053267.1730542,0.44966395115617325,1.5561216979511738,-4.39262593258512,17.997314230262187,38.27345660440592,P3:Focused,0.6566587711680124
1785053268.701515,0.42025587374928536,1.5558671288868295,-3.50285470642586,7.841453978450422,52.8882855154375,P3:Focused,0.558391732631717
1785053270.184263,0.43287086990576,1.559241230098993,-2.6464360431748326,-0.32067597797923353,64.36409034255357,P3:Focused,0.645258218642076
1785053271.753013,0.43759651652499415,1.5587758193405303,3.929329028857416,-1.1491571414970352,35.73999210529941,P3:Focused,0.7378082734918479
1785053273.1768205,0.4411825950014996,1.5654073066441145,7.3492331675418825,-16.665058887549243,35.16502066360433,P3:Focused,0.7816077882410455
1785053274.7295992,0.42355542164216564,1.5632753484667874,7.990440681725197,-17.240468645164338,36.20814653557543,P3:Focused,0.7587250863412498
1785053276.2782972,0.4187607973496205,1.558959493221267,10.658563590809242,-31.08918337698994,66.6244914114049,P3:Focused,0.7930265157419849
1785053277.7658932,0.4421762740128023,1.5596342633689342,13.4443452750259,-45.028164225870526,97.43056045104416,P3:Focused,0.864704281955158
1785053279.166198,0.4302021106238293,1.5512820517016541,15.997135148380158,-44.676231737643484,95.85616086859389,P3:Focused,0.8572411841822665
1785053280.6711776,0.4183090143333702,1.5504888457631825,19.00768450843408,-30.374955386584013,64.8213535159533,P3:Focused,0.8251202141455287
1785053282.2138596,0.40424385690226855,1.545189086764331,22.053644490987836,-29.930020681167075,62.63112596252821,P3:Focused,0.8342186079177001
1785053283.7339256,0.4248839445680076,1.5456635606026312,24.709327546847625,-29.608416027428188,60.792750832793544,P3:Focused,0.8844894888533134
1785053285.1493402,0.40622581345550807,1.539490726312542,27.23328930557522,-29.285145808618864,59.25482592040587,P3:Focused,0.8831416687770035
1785206584.9245882,0.4545058937467804,1.4190619933195232,17.26653196782659,56.020691772826666,-161.71773662888214,P1:Focused,0.8470204583289906
1785206586.1934628,0.46507872288764485,1.4681797161072905,13.96850299151081,49.61193459143812,-165.44516758366393,P1:Focused,0.8620527323388465
1785206587.6127489,0.49819263537038805,1.5747270655696208,12.561564822619877,54.59464469506603,-166.11913969237972,P1:Focused,0.8375172139396931
1785206589.1247919,0.43239630539847207,1.5488484959253748,14.047477580354707,51.45374493429714,-166.2666483855961,P1:Focused,0.7600257428139265
1785206590.6165557,0.4219550120517165,1.5642456537728926,14.72704419055412,25.58094359668386,-101.36758223492002,P1:Focused,0.7909515598672309
1785206592.0900505,0.4282918312667762,1.5684631467692522,15.175145062274117,8.248153079977087,-58.26027187125802,P1:Focused,0.8718575955158825
1785206593.5807383,0.42392297980980326,1.5609032412251074,16.159613171846583,-4.25112853856434,-27.95058987047136,P1:Focused,0.9080224002505556
1785206595.1345892,0.4248891576767166,1.5526323852333204,16.72655914023018,-13.466873152986839,-4.662757830052797,P1:Focused,0.9364156755252039
1785206596.5798693,0.39676074807910594,1.5368906883198739,17.72231915442006,-14.924905572319934,-21.83572434555942,P1:Focused,0.9122867401194282
1785206598.123074,0.38038580264243727,1.5539904988753754,16.592431376802672,-7.686264903420541,-36.425258497836225,P1:Focused,0.8818525590463907
1785206608.7295794,0.3769696605470451,1.5316471933519271,15.56529756567526,-18.60718428634805,-3.918723847333658,P1:Focused,0.5437397130494845
1785206610.6811364,0.37615733569969706,1.5304883638266904,17.58533836715545,-16.210505793387977,-2.974423572058325,P1:Focused,0.6733238830458805
1785206611.8028302,0.3344928557678394,1.493469996062165,20.181218281835633,-29.807758995980077,28.386941078873043,P1:Focused,0.8386650189535252
1785206613.6947036,0.3277163237772086,1.471182545986675,20.193104478872332,-28.42626759223532,29.518522032217845,P1:Focused,0.7730606575249208
1785206614.7717218,0.30484688166495966,1.4399391496925766,22.186086456651804,-27.627729116344312,28.531494681043306,P1:Focused,0.8094953982390747
1785206616.7286289,0.2747885408282552,1.408289498287108,24.043864723999565,-26.753984669869652,27.46384024943874,P1:Focused,0.7497783194080986
1785206617.7609413,0.2506314861772826,1.3745304031870893,23.88110116313899,-13.192723796747549,-3.4013127246784136,P1:Focused,0.5803011376799325
1785206619.7818816,0.22494493421965953,1.3484778236140051,24.22330996941718,0.3797888872649324,-34.49412391511741,P1:Not Focused,0.5060968337824476
1785206620.735067,0.2200216169683375,1.3437852199813505,23.70717437466924,8.769914276522803,-33.80221099299697,P1:Not Focused,0.5654440781867677
1785206622.712083,0.21247548031786218,1.2986054947453158,25.289432698849076,8.747740839599931,-32.34767738347247,P1:Focused,0.5509434103584593
1785206623.7496843,0.1822339885782634,1.322554219254794,27.176153383823173,11.395567696487818,-64.1645472262934,P1:Not Focused,0.5552558170315319
1785206625.6517003,0.15018887875684128,1.2952132313095324,26.69934232318419,2.014615637581634,-63.127476972718455,P1:Not Focused,0.6300109066442938
1785206626.6928883,0.15066100706272265,1.2784937722922063,25.722715229676833,6.486047480269939,-93.26510033867626,P1:Not Focused,0.553491089767673
1785206628.7624416,0.1466020986593708,1.2975793375562075,26.380941268606023,-1.8518323213285022,-92.49605022009092,P1:Not Focused,0.5736517493690576
1785206640.775601,0.18021206783412158,1.359180927054648,25.277493858180748,2.514998195638218,-93.72246266756011,P1:Focused,0.9660550258014107
1785206643.7248998,0.21204090091779526,1.395152816288748,20.706298713907106,15.921470439593955,-90.63250915930885,P1:Not Focused,0.7444484593072236
1785206649.6366284,0.2404334465181659,1.430061622768229,16.87082912257849,3.7641019113048357,-92.55928687866765,P1:Not Focused,0.69529080226218
1785206682.6466427,0.2789112667781922,1.4927477976430419,12.371912111515773,4.986383122522132,-95.03472250143689,P1:Focused,0.9784438099812783
1785206683.6635654,0.3033937423325652,1.4875715730727328,8.12514566919485,-7.6898474671470165,-95.12804137545284,P1:Not Focused,0.528273194617199
1785206689.6697903,0.3295696267050957,1.5143954978964453,1.1138673001531572,-20.942990458183367,-91.90584139509852,P1:Focused,0.6735154528450662
1785206694.7340493,0.34139506447421863,1.5019921768646236,-2.136271753092824,-12.803589168552435,-91.54223502545226,P1:Focused,0.9624662248217599
1785206697.7054517,0.3559021282848038,1.5230282307599512,-5.446654737481336,-4.584449418499092,-91.97546608599473,P1:Focused,0.9786300222176646
1785206701.734829,0.36709406909245723,1.5441835624571776,-9.846309489998621,3.731821111120049,-93.87386433385169,P1:Focused,0.8849676113264118
1785206722.7147365,0.397977453137151,1.5615148096078366,-18.587060875944175,-1.8890513120440033,-89.52012990104815,P1:Focused,0.9141374328822623
1785206724.7293625,0.39103422508705693,1.5333563313927978,-26.258958544821333,-7.618855251465099,-114.14506207115535,P1:Focused,0.7321625867813786
1785206727.7670405,0.3809033101141553,1.4936261006331877,-25.38205228439236,-7.562102951971643,-149.3191241770349,P1:Not Focused,0.6303383350801224
1785206728.7746098,0.35675731602265703,1.4932401880294512,-26.62300659840639,-9.108132699753979,-145.2352248780797,P1:Focused,0.6614649981472593
1785206731.768768,0.3311090795824111,1.4709921261670673,-26.06143999935795,-9.398013381990781,-110.10635550059708,P1:Not Focused,0.7801029483613803
1785206736.0826662,0.34052308099427553,1.4689273763164326,-24.95009632650601,4.208605345507803,-77.53839064267439,P1:Not Focused,0.7520739066206377
1785211094.6322794,0.21844586838374735,1.558171422653067,13.93818312056374,-61.779797938474715,165.47595376678876,P1:Not Focused,0.781170951863708
1785211097.6285307,0.3906265220542784,1.705177456084996,17.31362702622428,6.049392066513477,5.502427962829046,P1:Focused,0.7089060816059338
1785211100.627724,0.43773080375084045,1.6805720391767132,16.567601261879975,-19.912044828269472,55.479086401163336,P1:Focused,0.8431414151888773
1785211103.6660647,0.4391293092022014,1.7907641588889904,19.506989751543653,1.6238374938133653,84.98631744979983,P1:Not Focused,0.5895710683571752
1785211106.6485157,0.44594716622871095,1.841946313901073,20.780650474350182,-4.047780044689683,32.91873459789728,P1:Focused,0.5359211889100544
1785211110.5037532,0.44642143826624836,1.786820334588528,21.755282486124262,7.023254613977766,-0.5838356525749854,P1:Focused,0.7572367537710701
1785211112.7157376,0.45050649547125904,1.7663111858082365,14.474868857710634,-5.730757073868395,-25.049208441544113,P1:Focused,0.6822163121258343
1785211115.6781116,0.4459719932846477,1.7026571299499116,10.817500945521411,-14.118418829966668,-0.08588167830532711,P1:Focused,0.6376748524642025
1785211118.630258,0.4506234945851814,1.6941445738130498,9.536081213938168,-20.98952532274778,18.194161878349032,P1:Focused,0.7517701665987613
1785211121.7229586,0.45773015579179555,1.6891073467645303,5.349523420226906,-27.01737382970446,0.39598157773361037,P1:Focused,0.8176026756721069
1785211124.6571393,0.46715895786371886,1.5780818131931125,-30.46442990206904,82.36051443401402,157.3665327674763,P2:Not Focused,0.7241806184623453
1785211127.6844661,0.4894024672781343,1.6289288265370918,-18.22552441774996,10.963341893005122,-9.62533963515385,P2:Focused,0.7652995274923331
1785211130.6333282,0.5024097559506396,1.6304188280868441,-9.81618789666553,33.578100986757086,-60.86551910314137,P2:Focused,0.8493091074895359
1785211136.6820693,0.47115049958505684,1.6704975294521165,-13.708585412314228,47.050977889122436,-5.237674725013633,P2:Focused,0.6247401936382857
1785211139.7073889,0.47103818227116695,1.6831831804378297,3.8152433243756554,-14.561370650664168,-33.11529422478784,P1:Focused,0.9247078981116501
1785211142.6293776,0.4625245583319172,1.6613481474741705,2.316182095896983,-15.33818015861487,-34.42732831698485,P1:Focused,0.8279913884255558
1785211145.653182,0.463808515751649,1.6628594557923655,-0.5324571130280693,-1.9167537561172274,-31.999782043223355,P1:Focused,0.779999033844342
1785211148.679086,0.47295668444507566,1.6198265487656855,-2.714715439964037,-15.796142867632028,-32.581770603586634,P1:Focused,0.8574574789279397
1785211151.6726668,0.474813207177564,1.5754196577930326,-4.879074118162424,-5.645720194444571,-32.04066081696929,P1:Focused,0.845157358269413
1785211154.682629,0.4781777377378968,1.5864113305330512,-7.350692717170574,-18.64907185546639,1.1608332506655188,P1:Focused,0.6866917857377562
1785211157.6232195,0.4811512652251916,1.582991140298316,-5.261938821306432,-17.317264942814628,35.93843544582662,P1:Focused,0.8730900511827769
1785211160.653502,0.45510125430211534,1.606913283469045,-2.6855852175674957,-2.867169745761612,2.032658553314718,P1:Focused,0.7391006304969295
1785211163.657286,0.41909093748118653,1.5958097356700616,-1.603143184996814,11.854455825230309,-31.00440018581446,P1:Focused,0.5716598346229964
1785211166.6839142,0.37904367952815604,1.576255381665377,2.584153816092825,13.230666914991058,1.575093802208687,P1:Not Focused,0.5177337429193817
1785211169.6575549,0.3548145255860698,1.574959045625283,3.7276023930400646,0.18056061484721794,35.1155805130461,P1:Not Focused,0.5362343889739938
1785211172.6692414,0.3183342666695105,1.560622666121782,5.513435321046499,-3.815531110971012,35.54764493289146,P1:Not Focused,0.6458275232259687
1785211175.6265364,0.3180338923338978,1.5710300664359156,7.387890320741278,-16.984180206770294,34.44740742499043,P1:Focused,0.5134387865799293
1785211178.6315415,0.314220672810587,1.5647321399773664,7.478875504860096,-16.726718069106806,34.444117768962165,P1:Not Focused,0.565987293077114
1785211181.675405,0.3070412441697456,1.5648940432573555,6.849259740584475,-17.392214686395175,34.103611059365576,P1:Not Focused,0.6353131788924448
1785211184.6529675,0.30899094908213776,1.5696713975118457,7.353411846507955,-3.6256609389561545,1.1775099174218127,P1:Not Focused,0.6480227301408656
1785211187.6692758,0.3070190514448409,1.5786143454273747,9.324175882795803,-3.899034689301375,-0.43854727359993434,P1:Not Focused,0.676421279155816
1785211190.6505215,0.3448891463785483,1.593033888723886,6.76590667442049,-13.200191511963414,-1.914422449111831,P1:Focused,0.5057906530596653
1785211193.6371815,0.38724679798872597,1.625783753459686,6.54566895551839,-27.208517978869395,30.332596742236642,P1:Focused,0.6602645019522149
1785211196.659854,0.41871956805084337,1.6394743215005914,6.490514972786085,-27.453979507724874,29.69678804830961,P1:Focused,0.6482765191802532
1785211199.6666918,0.4660642851198631,1.6617426574625995,9.972129307340444,-12.73348068278344,-1.3019905246004242,P1:Focused,0.7536876721824605
1785211202.6157482,0.5045908327650986,1.6859840484964117,8.4493388514188,-21.849885193235345,30.42881124267397,P1:Focused,0.8896386004944481
1785211205.602976,0.5006531057060118,1.6728522257942817,8.491037910395132,-21.15195655015537,29.866467410424598,P1:Focused,0.8809270623906756
1785211208.6530178,0.4926486166672402,1.6638496347255276,8.462346968813458,-20.27368790963796,29.30451377310063,P1:Focused,0.8833084426742469
1785211211.6701257,0.5036463755016023,1.6657619759185933,9.822311460830335,-32.83624657995672,62.53309078017689,P1:Focused,0.92947409523114
1785211211.6839998,0.37615901370475,2.1713685983647943,19.42650679045848,60.45052376408441,-170.8795054188347,P3:Not Focused,0.6955312734275305
1785211214.6900172,0.4996477622995541,1.6516947734199303,10.130348046394257,-45.62890788971846,94.68887852034902,P1:Focused,0.9145251940330007
1785211214.7158177,0.3709953210678382,2.0734011130614967,32.796108600054076,55.830194801323934,-147.757125478099,P3:Focused,0.5804025621184042
1785211217.6305304,0.5002728297919488,1.6449860858721272,9.56138916976899,-44.52801119925895,94.70067282027269,P1:Focused,0.9057894050623357
1785211217.6353977,0.3650922351095145,1.993375718709166,27.71276714751258,57.27901187678981,-155.00366564925744,P3:Not Focused,0.5602763304312397
1785211220.6556234,0.4963030459490441,1.642999014184048,14.142861402682692,-34.61263462087652,97.43396718405086,P1:Focused,0.9272319340472168
1785211223.646801,0.49533179853397413,1.620123406613698,14.368874266384415,-33.74204608142843,97.6294870867253,P1:Focused,0.9318943929428345
1785211223.6592715,0.34470601276266516,1.9681145621966794,25.20077298230921,57.97585150696503,-158.6676361912814,P3:Not Focused,0.592277542188942
1785211226.646016,0.4906020814759776,1.613650096824043,13.48817251084402,-33.50858371091325,98.78337542857817,P1:Focused,0.9245500581554367
1785211229.6716685,0.47556746887732027,1.5950494825195503,9.8618481754493,-34.55950767914733,96.6185043804584,P1:Focused,0.8861430133489602
1785211232.6358516,0.4636237129466136,1.5408206240046836,11.079281980277418,-21.86210662759491,64.74453509577336,P1:Focused,0.8636496570444283
1785211235.6665907,0.4551364774470881,1.513092842132552,10.277042778187234,-13.480578769136901,30.706366667699648,P1:Focused,0.8846244287522339
1785211238.6457357,0.4627030831877959,1.5129424734961572,11.15479868789215,-12.399271159835454,31.005215358296972,P1:Focused,0.8645452995312594
1785211241.618631,0.4581026709507284,1.5062458834336339,11.430474553511454,-11.799619787547428,31.395198557590117,P1:Focused,0.8277207397073229
1785218342.5447688,0.3812781710887273,1.5709619239776047,11.786807593603509,61.563939919004234,-158.29920489748082,P1:Focused,0.5299371112669842
1785218345.4316046,0.4363025420079526,1.6278384339365473,19.839239063224138,65.14288383140493,-152.5588978033,P1:Focused,0.825825296363185
1785218348.4104939,0.4482349789648681,1.6524369824993925,17.465806432745257,22.788423588984518,-47.47142037221823,P1:Focused,0.8175231159629933
1785218351.375874,0.40832171072032986,1.618797928189028,16.740662481530684,2.197374038203936,5.205550442151079,P1:Focused,0.680255062411923
1785218354.3709185,0.40917738392672093,1.6418081698757319,17.072925492747586,-11.56696010809986,35.89160555055866,P1:Focused,0.7472400918150215
1785218357.36751,0.400172820670265,1.6279532554621967,16.65292687817814,-19.959890699499663,57.07014087314021,P1:Focused,0.6994091963347019
1785219426.196145,0.2941860650279131,1.3515328252805647,10.114247391617583,-14.044925874030131,173.86672309243068,P1:Not Focused,0.5918650153002303
1785219429.145031,0.2737052526950048,1.4459618485017542,14.530961025657003,13.079185637491461,3.0604863526781543,P1:Not Focused,0.6357835592493233
1785219432.2157705,0.32741097292555005,1.5402004824121043,11.934391824493582,-9.589396430766469,-56.75773439036303,P1:Focused,0.6562189228081735
1785219435.2023602,0.41860830433992535,1.789580766505069,20.02410954888999,12.693086927027334,-75.85957452543491,P1:Focused,0.7162874421902679
1785219438.1608827,0.41269293987220157,1.7190823916066882,16.44647073021801,23.700786392968688,-91.87148475391146,P1:Focused,0.6995286326447703
1785219441.1155827,0.4065162751332842,1.723120352020791,14.76298021055746,8.33095743316053,-49.58717577474005,P1:Focused,0.6812339581066349
1785219444.13131,0.4030193385593793,1.7056371682696987,10.614992703221409,15.881642633937657,-17.28609265166903,P1:Focused,0.6700158932880627
1785219447.1832812,0.4046452876924155,1.6954998422934082,10.607193664155025,5.1440081368335875,5.159566560169264,P1:Focused,0.6853007452572264
1785219450.190321,0.4097935858444447,1.6852897220213996,9.216928136368354,1.7763939377708082,23.932625128452305,P1:Focused,0.6672324187820109
1785219453.207351,0.40626232889170116,1.6775748320941077,9.131624498790526,8.797057386193535,3.7990740177152276,P1:Focused,0.5515754116205409
1785219456.317026,0.416718208220386,1.7337627200119712,9.532821032968794,3.3636780588108905,2.378069205395266,P1:Focused,0.534599753487558
1785219459.1192234,0.4398149210439186,1.7482467588116157,8.126596093912251,-7.434276605498411,36.07119315718595,P1:Focused,0.6913286673701445
1785219462.1559277,0.4357923254206856,1.7457810375443512,8.173380407375051,4.7954304149471,38.333144593276714,P1:Focused,0.6508295065329526
1785219465.17154,0.3959637488385373,1.6420913557367804,4.686801766340755,3.9077168988492077,34.949837704109655,P1:Focused,0.7287075669097604
1785219468.1528602,0.37744717777539877,1.658901669353618,5.06783885289138,4.410634582909185,33.86387937232642,P1:Focused,0.5532631574444228
1785219471.1234086,0.3690142935727435,1.6364166521447299,5.031419631326293,18.397636886224955,0.9059644204432971,P1:Focused,0.508452442538871
1785219474.251952,0.35341325795877443,1.6589156853264515,11.57591211167573,20.28315304095101,-30.333654658230063,P1:Not Focused,0.9289791153453609
1785219477.0985901,0.3450406346172208,1.6966500354104543,15.856504122721597,35.24066821782517,-59.60497202553965,P1:Not Focused,0.8666693101621756
1785219480.124787,0.3407552949223355,1.7276706154781347,19.533698394366713,45.46838103330626,-91.55129598533196,P1:Not Focused,0.8038642688259655
1785219483.1007693,0.34653958706587656,1.7293786608227624,19.390312837325265,45.65497278530721,-90.56688924702648,P1:Focused,0.5292432813753958
1785219486.1605802,0.3543084488540878,1.7123833047226102,19.67229481799588,60.04445859101958,-122.8971453919992,P1:Not Focused,0.5188007470349278
1785219489.1426802,0.34206640515143155,1.7017587159592353,19.938445091615815,74.05129047931048,-156.32772167141036,P1:Not Focused,0.5606631371992554
1785219492.1497324,0.34279084073488975,1.6871205551671977,18.919499636656372,74.11940614962143,-158.48646928706125,P1:Not Focused,0.5705692824337443
1785224916.1071084,0.45883719666279354,1.5646938455730393,-4.543652672577482,69.30814829402964,-179.303584878778,P1:Focused,0.6031758451727478
1785224919.0639884,0.4658839881236379,1.601382194649956,-1.094769817582598,-1.8941061709347977,-4.35117053805439,P1:Focused,0.7145705390444931
1785224922.0570874,0.4655564920236744,1.6066715741349888,0.8979785277131483,-25.37140337541945,53.100342572588914,P1:Focused,0.7351702120889338
1785224925.0628328,0.4615155662159899,1.6078108386597678,1.8343026284042365,-36.94467869960802,81.59195382628786,P1:Focused,0.800782582752894
1785224928.0627356,0.4552744711552542,1.5855163150993867,0.6240645472385431,-44.487994353957355,100.57756921489037,P1:Focused,0.7829802293288709
1785224931.1460283,0.4648687609207644,1.5951616532368575,1.1179505984411626,-49.4670976816619,112.16569682617289,P1:Focused,0.8534396970482264
1785224934.1156535,0.48040475402197574,1.6012432941719987,1.4483514040263963,-53.0105232513686,120.42997510655202,P1:Focused,0.8684024745674042
1785224937.0739422,0.4908822396211181,1.6016708210667272,1.7964194816083507,-55.417987792617474,126.21435629210032,P1:Focused,0.893870397674
1785224940.0725217,0.485590358417539,1.5917420541548724,2.1224316566001056,-57.02562312669782,130.61579388416337,P1:Focused,0.8609574699374566
1785224943.0456967,0.5045539412166736,1.687861227347034,1.5956044407099428,-58.434561705059835,99.56627151456414,P1:Focused,0.8140152517605391
1785224946.0482216,0.5044084421878282,1.6879163187757165,2.3075887036255485,-72.75077491974034,134.63809328464365,P1:Focused,0.8905852435914207
1785224949.0139618,0.5030046922383913,1.6814910754475227,2.362347439179021,-72.64914778982788,134.57018253733958,P1:Focused,0.8924718878489718
1785224952.0524557,0.5044263222826424,1.6893129627598775,2.1291081923879895,-72.40842121825695,134.5348039256634,P1:Focused,0.8948229918635066
1785224955.0663443,0.5138231205947748,1.697150192888542,2.0782798812129166,-72.35539416270201,134.65115303323302,P1:Focused,0.9026384446362183
1785224958.0670304,0.520675117361334,1.7093783387457435,2.837694946682382,-72.03108559746298,133.8783904837585,P1:Focused,0.9105193257081711
1785224961.0580273,0.519692498728071,1.7047207786031513,2.75812407069843,-71.75897136413224,133.8582750876156,P1:Focused,0.9235816714731157
1785224964.0819373,0.5096255601619404,1.6987058171838847,2.701887750401403,-57.39665354518322,99.54757090564718,P1:Focused,0.9127239107244541
1785224967.0910249,0.5019004487400507,1.700212212436475,2.6157984705649486,-57.29946453398848,99.66400485480658,P1:Focused,0.8968688247076027
1785224970.0472333,0.5066950365285555,1.7345260457081344,2.0899269648591905,-57.401130358625664,100.30815710570853,P1:Focused,0.8938890816061958
1785224973.058216,0.4787565506687549,1.630609043656121,1.8286750888233296,-57.76041626050446,136.26122912037022,P1:Focused,0.8527694993771939
1785224976.0735188,0.48165984443415305,1.6386862771665593,1.983132745047996,-57.5985413300978,135.9179085164945,P1:Focused,0.822976857558982
1785224979.0283525,0.4833529797064334,1.6399487368778605,2.097076645251409,-57.50324015999685,135.80349938842218,P1:Focused,0.8545984672305061
